id,code,amount,user_id,purchase_id,expiration_date,create_date,update_date
1,40076-319,311,105,230,2023-05-30 21:20:16,2023-11-07 13:40:55,2024-03-07 12:29:49
2,47335-738,414,199,698,2023-12-28 17:08:27,2023-11-08 05:26:05,2023-09-11 08:57:39
3,0555-0513,300,619,824,2024-03-15 12:47:18,2023-10-08 16:59:31,2024-02-03 03:56:23
4,34460-6007,353,890,200,2023-09-10 01:33:35,2023-11-20 17:10:45,2023-11-19 16:14:44
5,0517-3050,212,280,,2023-12-04 01:22:13,2023-06-07 12:45:15,2024-01-25 08:24:59
6,10096-0193,175,172,,2024-01-19 21:32:28,2024-02-22 14:26:24,2024-04-27 11:19:14
7,0268-0100,496,154,999,2024-03-28 03:54:53,2023-11-05 16:59:07,2023-08-28 23:00:49
8,76420-755,381,602,581,2023-09-18 07:50:40,2024-05-08 11:43:49,2024-04-12 09:43:36
9,0187-1610,338,407,834,2024-04-04 23:05:41,2024-03-24 00:14:40,2023-12-09 23:13:43
10,24385-404,62,627,890,2024-03-01 21:29:12,2024-02-16 04:04:36,2023-08-13 13:56:45
11,21695-924,81,577,786,2024-01-09 11:41:38,2024-02-12 10:46:39,2024-02-07 14:29:25
12,10157-1006,83,542,,2023-10-08 23:58:58,2024-02-22 23:29:07,2024-03-11 00:07:43
13,66579-0069,235,636,928,2023-07-26 23:55:31,2024-05-03 14:19:04,2024-03-04 10:08:56
14,50730-4402,169,551,80,2024-02-27 22:02:11,2024-04-27 22:31:42,2024-03-29 07:02:23
15,63868-244,330,458,,2023-11-29 19:02:23,2023-10-08 06:54:26,2023-08-28 15:16:06
16,35356-813,369,775,390,2024-02-10 09:48:20,2023-10-06 19:31:59,2024-01-30 10:33:51
17,47682-097,441,761,,2024-01-05 23:46:10,2023-11-27 14:03:00,2024-02-08 18:28:31
18,62670-4565,88,589,,2024-04-18 17:59:53,2023-07-31 02:41:05,2023-06-10 20:50:52
19,68462-256,109,451,524,2024-01-22 12:47:00,2023-10-17 23:11:53,2024-03-04 13:27:29
20,10345-032,129,184,,2024-04-05 08:45:33,2024-03-18 03:45:11,2023-11-21 23:12:10
21,49288-0596,66,210,,2024-02-21 12:01:50,2023-09-08 19:18:37,2024-05-12 06:01:58
22,41163-430,145,509,,2023-08-31 23:33:16,2024-04-21 02:28:04,2023-10-05 09:32:05
23,42549-599,249,609,939,2024-01-12 22:29:58,2024-02-09 14:36:31,2023-05-27 16:26:19
24,55670-600,400,901,868,2024-05-14 19:36:53,2024-01-26 17:59:05,2024-05-16 18:49:16
25,67544-354,53,823,,2023-06-08 20:55:54,2024-01-28 18:52:27,2024-01-08 20:07:31
26,63629-3941,214,546,868,2024-04-04 23:44:43,2023-10-20 12:30:22,2023-06-30 10:36:35
27,36000-162,284,666,,2024-03-23 23:19:51,2023-12-12 21:42:59,2023-09-11 23:21:18
28,51460-0504,370,175,31,2024-02-29 15:23:10,2023-12-26 00:57:25,2023-06-19 11:39:53
29,0904-6187,393,110,,2023-09-24 02:52:46,2024-04-18 03:38:04,2023-12-11 05:23:55
30,64406-806,347,12,826,2023-11-12 22:03:17,2024-02-28 11:04:49,2023-12-28 09:10:35
31,34645-4188,297,481,,2023-09-28 19:58:20,2024-03-08 17:59:53,2024-03-28 03:35:11
32,54868-4350,496,705,156,2024-05-04 05:17:23,2023-07-06 16:15:07,2023-09-04 06:07:09
33,58668-0741,483,906,931,2023-08-13 21:08:02,2023-09-03 20:29:14,2024-05-16 09:31:39
34,49502-901,311,492,,2024-01-28 15:32:49,2024-05-20 05:17:18,2024-04-02 13:42:45
35,50600-002,58,850,733,2023-05-27 17:34:08,2024-04-24 23:27:53,2023-05-29 08:13:59
36,36987-2554,465,430,660,2023-09-02 20:05:35,2023-06-16 05:28:24,2024-03-03 10:19:39
37,30805-010,117,595,,2024-01-05 12:24:24,2023-06-21 11:03:18,2024-01-23 13:15:01
38,58411-177,438,139,463,2024-04-04 02:31:30,2023-09-07 11:42:02,2023-06-24 13:07:08
39,60505-0184,231,494,890,2023-06-09 07:47:56,2023-06-08 19:13:44,2024-03-30 02:08:25
40,65044-6694,162,104,,2023-07-02 00:07:37,2024-02-17 03:46:01,2023-06-25 08:31:07
41,0053-6232,114,381,13,2023-06-05 05:54:20,2023-09-20 22:42:39,2024-02-11 00:12:29
42,68599-0203,310,770,,2023-11-06 07:34:06,2023-12-02 12:46:19,2024-02-01 17:26:44
43,50114-1136,478,46,,2023-06-27 11:35:37,2023-08-11 08:12:11,2024-05-08 01:17:55
44,0268-0893,315,623,401,2024-02-14 03:32:23,2023-06-09 12:14:10,2024-04-30 18:25:25
45,0409-7809,381,361,,2024-01-02 18:13:12,2024-03-20 21:09:08,2023-08-16 20:54:36
46,36987-1089,322,190,452,2024-03-11 08:00:55,2024-04-08 08:40:07,2024-03-08 02:05:29
47,11673-029,106,122,,2023-11-07 05:04:58,2024-04-17 01:27:53,2023-12-29 08:16:13
48,52125-991,421,494,,2023-10-10 21:54:31,2023-07-16 11:06:47,2024-01-24 00:12:01
49,0942-6475,402,13,324,2023-10-10 23:43:14,2023-10-31 09:06:28,2023-12-25 19:37:12
50,0054-0383,293,832,414,2024-01-10 19:26:54,2024-02-16 20:43:55,2024-03-08 21:35:21
51,66078-440,430,279,183,2023-08-18 14:28:43,2024-04-11 14:57:55,2024-03-23 12:48:35
52,11410-955,136,724,818,2023-10-18 21:26:45,2023-10-18 09:10:27,2023-05-23 18:52:02
53,54260-001,197,100,806,2023-09-17 09:40:00,2023-07-25 10:46:53,2024-01-05 23:07:19
54,0781-3342,76,216,409,2023-07-28 17:22:30,2023-08-19 11:31:58,2023-11-01 16:17:42
55,55154-4791,119,388,,2023-06-15 06:55:52,2024-03-12 03:14:51,2024-02-27 20:56:04
56,35356-630,330,432,585,2024-01-15 09:48:02,2023-09-02 03:06:13,2024-05-13 05:20:54
57,57525-022,400,22,585,2023-05-22 00:09:26,2023-09-19 18:10:59,2023-09-17 18:19:30
58,51079-133,328,945,668,2023-09-21 18:49:19,2024-03-22 18:11:13,2023-08-06 16:01:51
59,42808-405,134,687,,2024-02-07 17:29:46,2023-11-05 12:42:47,2024-02-01 15:04:38
60,24208-358,358,383,,2023-11-23 23:58:45,2023-09-15 23:24:21,2024-04-11 04:34:44
61,47593-479,445,984,127,2023-09-01 09:19:29,2023-06-22 05:14:54,2024-01-24 23:06:35
62,62481-4565,153,865,,2024-01-26 08:32:33,2023-12-20 07:25:24,2023-08-18 04:04:05
63,0268-0616,287,281,643,2024-01-06 15:13:45,2024-04-26 12:09:59,2023-12-01 07:04:35
64,68391-604,290,335,809,2023-09-23 14:55:11,2024-05-20 19:55:27,2023-07-20 15:48:15
65,61748-202,125,837,260,2024-04-22 23:23:51,2023-08-21 10:25:08,2024-05-18 18:55:29
66,63629-4515,50,399,414,2024-02-19 15:56:14,2023-07-03 17:28:43,2023-12-18 11:59:14
67,66854-023,91,706,851,2023-11-03 16:23:19,2023-09-24 07:54:41,2024-04-11 19:59:04
68,43857-0180,210,931,602,2023-08-18 19:36:17,2024-03-17 00:22:50,2023-06-01 16:29:02
69,67938-1149,450,457,586,2023-08-26 03:00:55,2024-05-09 01:46:10,2024-04-30 19:26:02
70,63029-222,116,744,,2024-03-06 21:52:20,2023-12-11 05:33:54,2024-01-04 00:20:26
71,60429-202,310,638,815,2024-05-01 14:43:27,2024-04-03 22:02:56,2023-05-29 13:36:21
72,21695-178,99,226,816,2024-05-12 23:41:19,2024-01-26 13:12:23,2024-04-06 23:22:34
73,11026-2650,387,156,,2023-06-07 05:49:41,2024-01-24 23:31:47,2024-03-31 05:26:11
74,24451-091,478,196,699,2023-08-12 05:11:47,2023-12-17 06:12:25,2024-05-18 10:06:50
75,42352-8001,395,279,308,2023-07-20 19:25:08,2023-07-18 10:26:06,2024-04-02 19:14:34
76,54569-1556,322,438,,2023-10-03 11:12:38,2024-05-05 13:01:20,2024-01-14 10:11:49
77,55111-265,362,497,24,2024-03-26 01:33:09,2023-11-27 01:06:06,2023-08-25 19:23:42
78,60986-1020,218,426,299,2023-12-02 15:27:00,2023-09-21 12:48:49,2024-05-02 11:44:50
79,0187-5485,391,242,,2024-01-27 13:11:29,2024-03-21 21:06:16,2024-03-15 07:41:54
80,65649-103,301,63,,2023-11-18 18:49:06,2024-02-20 23:30:44,2024-01-08 05:30:06
81,0781-5619,495,155,963,2024-02-01 03:01:33,2024-03-27 07:32:44,2024-01-03 10:06:29
82,53329-813,75,429,576,2023-11-10 07:09:02,2024-05-07 04:20:44,2023-06-19 14:03:39
83,55154-1384,285,727,749,2024-04-13 10:47:52,2023-12-11 19:56:39,2023-10-16 08:22:23
84,57955-0277,322,876,923,2023-07-15 18:00:52,2024-01-22 03:28:55,2023-08-25 07:30:27
85,68788-9831,279,608,551,2023-08-19 12:33:53,2024-01-02 18:17:44,2024-03-21 01:05:46
86,44924-113,357,813,455,2023-10-03 15:34:26,2024-01-12 19:07:34,2024-04-24 13:44:57
87,43742-0452,250,205,198,2024-03-31 08:44:34,2024-04-28 15:51:22,2023-12-04 06:32:56
88,23359-016,418,955,995,2024-02-18 14:21:26,2023-06-28 13:12:34,2023-08-25 08:39:42
89,0555-0139,448,886,,2024-04-17 00:02:41,2024-05-15 08:29:30,2023-10-14 02:02:13
90,65121-711,98,362,,2023-07-07 23:23:17,2024-04-30 10:57:29,2023-07-02 17:17:43
91,0404-6620,390,415,,2024-05-05 01:56:02,2023-06-27 12:50:30,2023-06-04 11:22:35
92,24385-148,245,951,752,2023-07-09 19:15:48,2024-05-03 19:06:27,2024-02-23 15:32:58
93,52810-701,172,187,724,2023-07-19 21:42:34,2023-05-25 05:46:03,2024-01-10 20:04:18
94,0007-4207,205,146,158,2024-04-04 10:28:26,2023-09-27 08:21:29,2024-01-27 17:58:28
95,36800-668,257,36,85,2024-03-18 01:30:54,2023-08-04 06:41:31,2023-12-10 23:43:40
96,49643-818,388,827,54,2024-04-02 16:10:57,2023-10-31 22:01:09,2023-06-02 03:12:14
97,33992-8805,125,37,,2023-11-11 07:36:17,2023-08-08 03:43:30,2024-01-21 01:22:34
98,55312-238,341,10,485,2024-04-19 09:33:46,2023-10-03 18:44:15,2023-09-15 07:48:14
99,61995-2500,209,253,776,2023-06-13 12:46:21,2023-09-18 14:59:14,2023-12-18 12:18:52
100,43419-508,428,151,40,2024-05-14 17:52:06,2024-02-16 17:13:18,2023-12-15 16:54:03
101,48951-1164,231,631,646,2024-01-01 22:44:05,2023-08-26 06:54:48,2023-10-28 08:55:43
102,52862-303,134,994,382,2024-02-08 03:10:12,2023-05-24 06:12:59,2023-12-09 22:21:57
103,0456-3210,385,268,159,2023-05-31 04:56:57,2024-04-11 01:47:16,2024-01-02 04:23:21
104,57627-112,276,797,81,2024-05-11 08:01:06,2024-01-02 17:27:34,2024-04-02 08:25:38
105,66116-444,354,515,532,2024-02-07 23:41:36,2024-01-19 15:54:36,2023-10-10 02:05:18
106,0037-5010,160,834,,2024-01-15 13:34:36,2024-05-06 05:19:36,2024-03-07 00:41:16
107,52125-419,391,816,,2023-09-13 16:54:56,2024-04-18 13:47:34,2023-11-23 21:06:17
108,37808-202,216,208,,2023-05-26 13:41:53,2024-05-12 04:16:48,2023-10-17 15:09:52
109,58411-214,203,357,963,2023-09-18 08:57:23,2023-09-17 23:45:36,2023-09-06 08:47:13
110,49738-279,91,816,354,2024-02-27 07:21:21,2024-02-24 12:06:12,2023-11-13 01:49:09
111,49035-076,136,775,,2024-04-05 22:46:51,2023-12-03 23:30:25,2023-09-25 04:43:15
112,0591-0388,405,704,,2024-04-23 22:26:54,2024-05-12 05:31:56,2023-08-30 21:34:58
113,41190-175,389,50,,2024-02-16 00:34:21,2023-07-11 22:00:08,2023-11-16 17:10:09
114,58517-060,335,245,601,2024-04-04 02:05:52,2024-03-21 22:04:02,2023-06-22 15:09:31
115,57520-0390,162,580,,2023-07-23 06:00:59,2023-11-14 23:24:18,2023-07-17 09:40:03
116,36800-282,138,579,510,2023-06-24 05:45:57,2023-05-28 14:28:17,2024-01-11 18:27:09
117,0781-5421,330,617,692,2023-12-28 11:05:13,2023-07-08 12:29:48,2024-03-16 22:22:18
118,16590-403,413,789,,2024-05-08 17:47:53,2024-05-13 11:44:39,2023-11-25 22:46:34
119,10812-953,468,108,664,2023-06-15 08:17:11,2023-10-15 14:04:21,2023-12-30 10:46:18
120,0093-5275,262,844,,2023-10-06 09:18:40,2023-12-27 01:08:24,2023-08-24 05:24:25
121,11822-0449,367,279,,2024-02-12 06:41:17,2024-03-15 16:59:21,2023-07-27 14:41:44
122,57955-0023,479,341,,2023-12-24 13:52:41,2023-09-18 22:30:43,2023-11-13 07:17:00
123,49349-337,334,413,310,2024-02-04 03:58:08,2024-01-02 00:20:39,2023-07-01 12:52:04
124,51191-2046,75,715,,2024-04-27 22:16:19,2024-03-26 00:44:35,2024-01-21 16:44:48
125,63629-5198,66,608,135,2023-12-10 00:23:07,2024-02-26 17:42:25,2023-07-27 01:13:33
126,48951-9027,359,417,510,2023-06-03 02:07:21,2023-06-17 04:58:26,2023-10-16 10:11:30
127,54569-0908,316,336,,2024-04-11 14:53:51,2023-12-08 19:06:48,2023-07-11 04:48:01
128,52125-131,416,671,346,2024-04-30 04:42:18,2023-09-29 14:46:46,2023-12-17 11:13:45
129,43353-787,53,21,703,2023-07-01 11:15:17,2023-12-13 20:23:35,2023-09-23 09:42:30
130,48951-1205,74,433,,2024-05-10 21:37:05,2023-12-26 11:05:31,2024-04-05 00:39:10
131,43063-381,251,453,,2024-04-12 09:48:39,2024-01-12 11:05:45,2023-09-22 07:22:02
132,0268-0631,51,529,,2024-03-09 23:58:06,2023-08-16 20:23:43,2023-07-05 06:11:51
133,43087-575,358,879,992,2023-07-06 02:27:39,2024-02-03 17:08:24,2023-07-03 04:18:43
134,37808-471,221,664,808,2023-11-14 04:42:31,2024-05-08 18:18:34,2024-02-07 23:08:17
135,43857-0123,191,522,222,2023-11-10 13:40:39,2023-07-04 01:38:18,2023-11-18 13:49:15
136,58980-150,228,498,,2024-04-16 12:27:49,2023-07-25 09:55:12,2024-04-30 22:05:48
137,43063-532,468,897,876,2024-05-19 02:31:22,2023-09-27 03:29:33,2023-10-11 06:57:34
138,58118-0736,138,909,894,2023-06-08 06:08:56,2024-02-16 09:45:11,2024-01-10 13:19:16
139,0363-1465,384,868,812,2023-07-10 23:13:43,2023-11-19 00:15:06,2024-02-19 04:01:13
140,63629-2962,327,69,,2023-09-19 19:19:31,2024-01-09 07:49:48,2024-04-23 03:36:54
141,50436-3171,220,309,,2023-08-03 02:24:34,2024-05-04 04:54:13,2023-06-06 01:52:32
142,0054-0137,156,922,614,2023-10-18 09:35:35,2023-07-04 08:31:28,2024-01-25 17:48:26
143,29860-203,416,252,,2024-01-11 22:33:06,2024-01-19 16:53:41,2023-07-13 11:00:35
144,62802-038,125,668,908,2023-12-09 04:20:21,2023-09-04 13:19:20,2023-09-04 08:10:34
145,55154-4770,119,45,153,2024-03-29 10:17:58,2024-01-02 21:30:46,2024-02-10 19:08:11
146,50876-182,174,560,642,2024-05-01 19:11:18,2023-11-11 19:51:43,2024-03-05 06:58:51
147,52815-124,233,643,845,2024-03-12 22:03:05,2023-08-22 13:26:25,2023-07-11 13:12:28
148,54868-0218,241,530,738,2023-08-14 23:27:56,2024-02-11 08:17:29,2023-08-20 03:59:46
149,57664-195,305,20,,2024-03-19 02:16:10,2024-04-04 00:13:05,2024-03-13 20:55:51
150,23155-037,487,79,,2023-12-24 10:49:54,2024-01-04 19:53:07,2023-07-25 08:21:29
151,57955-5129,273,437,,2023-12-08 16:05:29,2023-09-12 00:08:20,2023-07-26 15:07:11
152,64942-1261,400,717,159,2024-05-18 22:44:27,2024-04-02 20:04:18,2023-07-20 10:19:11
153,64990-601,66,524,495,2023-08-31 23:58:42,2023-10-24 13:49:08,2023-12-16 20:32:04
154,36987-3242,384,953,,2024-02-11 14:22:15,2024-05-17 00:27:02,2024-02-16 21:34:44
155,36987-1994,190,314,360,2023-09-16 04:39:03,2023-12-07 20:12:05,2023-08-12 21:34:30
156,65862-156,440,14,149,2024-01-31 20:51:02,2023-06-08 12:36:40,2023-10-08 22:10:04
157,61715-092,67,14,7,2023-07-14 03:39:20,2024-04-22 20:18:33,2023-12-30 11:54:33
158,54340-666,431,812,378,2023-06-27 18:07:47,2023-11-27 15:29:39,2023-06-04 02:40:58
159,48599-345,270,729,477,2024-01-26 03:46:59,2024-01-26 19:05:14,2023-09-17 03:58:57
160,49781-012,75,273,,2024-05-04 06:36:29,2023-06-16 06:30:50,2024-03-04 19:54:10
161,54473-244,383,172,,2023-09-22 13:03:03,2024-02-07 11:54:10,2023-09-02 17:46:03
162,37012-370,148,633,714,2024-03-10 02:46:24,2023-11-04 08:18:55,2024-04-03 14:12:57
163,52125-601,473,248,686,2023-07-11 17:44:53,2024-04-27 22:23:24,2023-11-06 11:05:28
164,12546-114,99,463,292,2023-12-15 20:14:42,2023-12-10 14:24:47,2023-07-03 20:32:53
165,51346-219,132,776,701,2024-04-14 19:03:05,2023-09-13 21:23:55,2023-07-29 19:53:27
166,29333-0001,154,330,131,2023-10-27 10:11:24,2023-11-09 16:42:20,2023-06-19 11:11:03
167,36987-2686,475,700,594,2024-02-11 04:12:19,2024-04-13 16:48:30,2023-12-18 17:18:26
168,67544-882,328,244,531,2024-03-16 20:03:46,2023-06-04 08:46:05,2023-08-17 13:20:24
169,41250-032,386,899,197,2024-01-27 08:58:09,2024-04-28 09:45:45,2023-07-20 20:43:25
170,64720-215,430,595,434,2024-02-25 00:09:30,2024-02-12 02:31:25,2024-04-15 19:02:16
171,49580-3412,336,424,696,2023-11-15 16:29:22,2023-06-15 07:58:04,2024-01-01 01:32:04
172,76452-003,282,21,,2024-01-17 11:16:36,2024-05-03 01:40:32,2023-12-11 09:38:15
173,98132-731,349,741,,2024-02-26 20:58:12,2023-12-16 03:28:41,2023-09-08 23:06:20
174,51393-7599,386,314,,2023-06-04 09:03:54,2023-07-04 06:40:02,2023-09-18 13:52:20
175,76282-213,212,68,,2023-07-19 13:55:47,2023-11-03 17:18:39,2023-06-11 02:19:15
176,42023-120,191,492,,2024-01-15 04:38:06,2023-07-21 22:24:05,2023-10-25 11:52:31
177,0603-5092,380,526,607,2023-06-28 09:24:45,2024-01-03 06:27:13,2023-08-21 22:44:41
178,35000-711,208,630,361,2023-12-29 05:33:35,2023-06-02 04:30:12,2023-07-11 21:25:31
179,52371-200,430,279,,2024-04-14 10:35:03,2024-03-22 12:46:59,2023-12-04 05:21:37
180,54458-937,263,175,714,2024-02-26 12:50:52,2023-08-26 12:43:22,2023-06-03 22:09:20
181,55714-2268,57,655,944,2024-04-11 06:13:59,2023-08-21 06:20:20,2023-07-25 22:48:45
182,49527-715,485,63,335,2023-05-26 10:58:14,2023-11-21 18:50:16,2024-05-05 06:09:00
183,68391-536,435,216,49,2023-09-26 22:54:57,2023-06-27 12:03:16,2024-01-26 09:38:25
184,42236-002,420,116,,2023-08-02 19:33:47,2023-09-05 15:13:36,2023-10-10 04:17:39
185,49715-011,460,60,,2024-04-09 09:28:12,2024-04-14 04:55:51,2023-06-01 15:06:04
186,54973-0615,282,839,625,2024-03-21 15:36:48,2024-02-19 22:49:03,2023-11-26 11:02:22
187,21695-132,201,88,358,2024-03-29 01:50:46,2024-03-30 19:01:22,2024-05-19 07:44:07
188,59630-580,418,712,188,2024-03-24 22:51:37,2024-02-05 18:11:36,2023-12-07 14:32:14
189,50125-001,197,239,427,2023-07-15 19:22:45,2024-03-12 00:58:28,2023-07-27 22:58:40
190,0093-1025,181,853,525,2023-08-21 19:28:13,2023-10-23 17:58:47,2023-07-27 18:32:30
191,36987-3172,404,604,292,2023-07-24 09:57:02,2023-09-21 14:03:48,2023-07-27 18:59:19
192,63058-001,279,757,657,2024-02-16 22:39:16,2023-11-28 09:48:24,2023-08-26 00:18:06
193,50458-490,307,187,241,2024-05-05 08:36:03,2023-09-19 00:47:22,2023-09-22 19:52:16
194,49349-572,264,352,,2024-03-10 06:54:01,2024-04-03 00:23:47,2023-11-30 23:23:20
195,50436-4352,218,542,,2023-10-30 19:27:26,2023-08-29 22:31:11,2023-06-15 20:07:39
196,57896-184,366,295,975,2023-08-22 09:39:15,2024-02-25 22:14:11,2024-01-22 03:03:41
197,63824-322,175,399,,2023-07-18 11:10:11,2024-01-22 17:06:59,2023-07-06 06:16:34
198,55154-4775,431,42,40,2024-01-07 18:04:02,2023-07-02 03:11:02,2024-03-16 17:49:27
199,49349-854,96,256,711,2024-02-12 16:06:17,2023-07-25 13:35:38,2023-10-01 10:57:58
200,57520-0357,61,883,143,2024-01-04 17:57:27,2023-10-31 00:30:59,2023-06-29 05:25:23
201,49825-114,116,948,489,2023-10-18 19:48:19,2023-07-30 12:33:45,2024-04-03 00:37:29
202,52654-0004,251,125,119,2024-02-12 08:10:45,2023-07-11 09:26:05,2023-09-20 22:54:07
203,52533-012,71,578,310,2024-01-19 02:53:51,2023-09-11 04:48:30,2024-03-14 05:05:58
204,54575-160,120,256,103,2023-08-13 20:41:43,2023-09-06 08:33:24,2024-04-30 05:09:02
205,67544-534,276,959,37,2023-11-19 04:23:24,2024-01-08 21:19:15,2024-03-02 05:35:55
206,49781-067,89,560,985,2023-10-26 15:26:50,2023-05-24 23:42:01,2023-11-04 01:08:51
207,45802-733,96,741,,2024-01-17 09:24:23,2023-10-30 07:10:21,2024-01-07 02:15:33
208,52584-061,218,790,64,2023-06-05 06:27:06,2023-12-01 01:53:08,2024-04-15 23:35:27
209,59676-701,291,196,,2023-11-21 05:38:06,2023-07-28 07:26:42,2024-01-16 02:45:16
210,14783-445,485,902,,2023-10-24 22:20:07,2024-01-14 23:39:57,2023-09-15 10:28:03
211,51079-853,276,722,,2023-12-16 11:03:00,2024-03-10 02:37:42,2024-04-26 13:38:42
212,0456-2202,185,981,879,2024-04-18 11:35:32,2023-09-15 13:14:32,2023-10-14 14:02:16
213,68382-080,363,393,295,2024-02-23 06:45:43,2023-08-19 03:10:00,2024-03-22 18:12:32
214,42926-120,53,671,526,2023-12-05 23:45:24,2024-02-05 10:12:30,2024-02-10 19:05:49
215,62670-4783,186,19,,2023-11-25 14:30:03,2023-07-08 11:30:38,2024-04-18 15:54:11
216,23635-408,460,528,530,2023-07-17 09:21:23,2024-04-12 12:12:58,2023-06-18 21:01:44
217,49999-035,158,132,715,2023-06-14 15:21:32,2023-11-12 11:47:43,2024-01-25 04:20:40
218,53329-977,168,214,,2024-04-16 18:50:54,2024-02-13 00:27:00,2024-01-30 17:24:31
219,62011-0099,261,380,284,2023-05-25 08:17:27,2023-10-07 19:57:51,2023-10-02 21:37:43
220,66992-490,197,520,,2023-11-22 05:10:32,2024-01-17 20:44:28,2023-10-19 21:09:49
221,50436-6363,389,75,123,2024-01-25 05:04:19,2023-07-19 02:08:37,2024-02-15 13:04:18
222,49348-305,465,428,679,2023-11-11 22:40:08,2024-01-19 20:58:09,2024-05-15 04:07:22
223,44567-803,155,89,801,2024-03-29 19:01:40,2023-07-22 20:15:25,2024-05-04 13:50:27
224,11822-0990,383,683,251,2023-11-26 20:36:57,2023-06-01 12:35:15,2023-09-27 23:45:44
225,16590-621,305,422,639,2023-10-02 21:33:25,2023-12-26 08:31:32,2024-01-26 02:20:55
226,0264-2202,498,89,201,2023-11-21 10:48:19,2024-05-17 15:02:48,2024-03-27 21:41:42
227,64679-787,148,837,,2024-05-02 04:47:14,2023-10-01 05:08:06,2024-02-03 18:09:47
228,0168-0265,431,28,625,2024-04-03 13:22:31,2023-11-29 02:30:38,2023-10-07 16:57:32
229,63739-669,315,822,974,2024-01-01 06:45:28,2024-01-06 01:10:12,2024-01-24 10:08:28
230,58118-0813,62,359,,2024-03-12 22:25:24,2023-06-03 13:54:03,2024-01-28 01:35:06
231,49349-688,222,394,,2024-02-11 19:07:45,2024-05-09 03:34:50,2024-02-17 16:48:18
232,54575-081,232,708,,2024-03-20 12:51:27,2024-03-07 14:54:39,2023-12-12 05:38:06
233,55289-733,346,944,,2023-07-25 06:22:04,2023-08-10 01:31:54,2023-10-05 22:18:54
234,68645-202,397,346,,2023-08-11 16:21:58,2024-02-24 11:34:45,2024-03-15 04:26:03
235,57627-149,153,834,727,2023-11-25 23:09:50,2023-06-02 10:41:01,2023-12-23 17:38:18
236,68151-4349,264,658,,2023-06-16 07:54:10,2023-07-11 07:24:10,2023-10-16 13:30:17
237,42549-543,220,575,670,2023-09-23 02:37:39,2024-01-22 11:47:22,2023-10-06 16:20:45
238,58118-0106,175,350,317,2023-05-28 20:09:37,2023-06-08 10:33:07,2024-04-03 23:09:26
239,51079-698,61,390,403,2023-11-11 12:43:53,2024-02-29 17:42:56,2024-04-02 05:32:40
240,21130-133,395,164,912,2023-09-09 03:39:19,2023-12-19 08:17:19,2024-03-16 16:16:28
241,54569-5305,252,489,501,2024-04-27 21:26:16,2023-11-23 12:21:23,2024-03-03 16:43:25
242,68016-221,183,574,,2023-07-07 11:13:16,2024-01-18 17:19:34,2024-03-17 09:06:39
243,60512-6037,458,840,9,2024-01-16 03:09:38,2024-04-07 17:47:51,2024-03-29 11:16:05
244,11489-064,469,220,516,2023-07-29 23:56:38,2024-01-17 08:36:39,2023-09-13 19:28:48
245,0093-0661,303,999,843,2023-08-14 02:19:57,2024-02-05 10:43:38,2023-12-21 02:47:09
246,0406-9025,121,484,50,2023-11-13 12:34:46,2023-10-22 19:53:41,2023-12-07 14:03:14
247,65044-5233,76,831,838,2024-01-14 20:46:16,2023-06-18 17:14:15,2023-06-28 17:01:01
248,0409-4011,425,676,,2024-01-06 19:34:34,2023-09-08 08:05:33,2023-05-28 20:01:01
249,0280-0922,459,142,,2023-12-07 00:09:28,2023-10-09 19:23:04,2023-11-29 07:14:52
250,50419-863,154,512,,2023-12-10 12:13:10,2024-05-17 05:33:53,2024-05-04 23:51:11
251,50114-5360,245,60,,2024-02-27 17:52:57,2023-06-26 11:46:07,2024-03-22 16:29:29
252,76485-1010,79,774,47,2023-11-17 08:44:05,2023-07-01 08:23:29,2023-10-18 11:04:59
253,52959-053,266,587,7,2024-04-22 13:27:34,2023-08-19 13:46:31,2024-05-07 00:44:05
254,0395-1003,262,866,255,2024-01-20 04:21:33,2023-09-02 19:46:59,2023-08-25 17:16:43
255,42507-759,246,473,,2023-09-21 02:08:52,2024-04-25 02:32:47,2024-04-15 16:48:17
256,17478-508,334,465,609,2023-08-01 04:54:48,2023-07-15 22:07:32,2024-03-21 18:17:11
257,10544-276,325,523,,2023-10-05 09:26:36,2023-11-11 18:46:18,2023-10-12 02:36:11
258,68016-135,336,430,,2024-03-09 14:49:01,2023-10-08 19:00:41,2023-09-26 10:39:08
259,50268-305,381,101,34,2023-12-15 09:38:54,2023-07-03 04:01:05,2023-12-11 11:23:29
260,0904-5875,238,291,,2023-09-06 12:21:24,2023-11-24 04:12:44,2023-10-16 17:06:03
261,14783-109,414,123,,2024-04-05 19:45:49,2023-12-03 23:16:35,2023-06-19 21:39:51
262,59779-943,304,457,44,2023-10-24 03:05:51,2023-06-15 15:46:57,2023-08-31 01:51:38
263,15127-448,255,328,,2024-04-11 10:49:12,2023-06-21 12:58:41,2023-10-18 15:49:25
264,61722-090,485,122,111,2023-08-05 12:00:17,2024-01-10 08:29:32,2023-11-27 01:54:30
265,43825-102,465,351,12,2023-12-06 12:35:45,2024-02-02 07:29:56,2023-06-28 08:47:55
266,54868-4899,264,502,266,2023-10-18 23:25:54,2024-01-27 20:19:37,2023-11-26 22:53:17
267,55310-001,296,220,502,2023-07-26 20:45:38,2023-10-21 05:14:22,2024-01-29 20:19:17
268,42507-063,218,688,897,2024-01-10 02:59:16,2023-10-27 05:10:37,2024-04-19 08:36:40
269,11673-214,374,217,,2024-04-02 22:56:54,2024-03-13 01:18:44,2023-10-15 15:49:28
270,17478-531,210,518,284,2023-07-03 08:03:19,2023-11-28 15:20:25,2023-08-29 11:51:00
271,0406-0363,252,146,348,2023-11-19 17:47:42,2024-01-21 23:40:48,2023-09-06 13:05:52
272,57337-051,68,787,,2024-04-22 02:18:20,2023-07-26 06:45:17,2023-10-26 12:59:24
273,0378-4160,325,650,,2024-04-01 18:23:40,2023-09-02 00:50:37,2023-10-27 16:24:11
274,62742-4029,370,432,56,2024-03-17 10:20:18,2023-09-13 20:26:43,2024-05-20 22:29:25
275,43353-656,77,453,737,2023-06-09 09:36:55,2023-08-19 19:14:19,2023-08-08 16:14:00
276,48951-8210,404,898,,2023-12-10 12:23:49,2023-10-15 19:21:01,2024-01-15 23:44:56
277,37205-612,90,382,,2023-12-19 20:51:38,2023-10-22 22:50:42,2024-04-05 12:26:57
278,10819-7002,304,131,,2024-04-12 11:16:40,2023-08-01 00:18:38,2024-01-28 23:46:49
279,57627-153,337,711,,2023-09-22 23:32:40,2023-12-31 19:32:01,2023-12-27 20:46:01
280,36987-1450,427,264,76,2023-06-06 09:46:00,2024-02-16 11:02:34,2024-03-23 07:19:04
281,0378-1411,486,398,289,2024-03-01 22:37:12,2023-08-15 11:14:15,2024-01-02 07:04:16
282,42654-001,239,370,342,2023-05-21 15:52:56,2023-10-20 20:56:52,2023-10-26 20:35:40
283,40092-600,135,452,,2023-07-22 06:56:58,2023-12-27 23:00:39,2023-09-19 19:45:13
284,0299-3925,382,228,,2023-05-26 03:36:53,2023-08-06 00:15:35,2023-12-15 10:01:36
285,35356-547,223,51,946,2023-07-11 08:20:23,2024-04-30 07:13:10,2024-01-05 02:38:41
286,53462-915,321,976,375,2024-02-10 07:24:24,2023-08-31 16:21:06,2023-06-12 03:33:07
287,55150-127,325,63,75,2024-04-20 19:24:04,2024-01-29 07:47:04,2023-06-16 19:23:21
288,63824-056,496,191,,2024-05-04 14:21:52,2024-03-19 19:27:22,2023-11-17 06:05:18
289,52686-335,121,486,529,2023-10-23 01:49:11,2024-01-24 02:01:47,2024-05-05 12:40:19
290,55301-403,275,840,455,2023-12-27 12:38:00,2023-10-14 18:21:55,2023-08-27 22:17:59
291,53329-978,62,252,825,2024-02-05 09:14:20,2024-04-21 11:02:55,2023-09-13 16:48:16
292,65360-1073,168,231,521,2023-11-02 04:47:33,2024-04-24 04:30:05,2023-10-08 04:56:28
293,13630-0029,309,791,569,2024-04-06 02:36:55,2023-06-12 03:40:02,2023-12-14 19:46:29
294,22700-135,332,843,20,2024-04-10 23:44:24,2023-09-23 17:26:31,2023-08-05 14:13:52
295,11523-7160,450,227,298,2023-08-07 19:51:11,2023-11-03 22:05:15,2024-04-19 03:21:55
296,54868-5831,225,395,574,2023-08-08 03:22:15,2023-09-09 16:35:52,2024-03-15 15:33:32
297,16252-599,408,614,,2024-03-10 11:48:40,2023-09-01 12:14:59,2023-12-03 03:42:29
298,20367-133,51,53,,2023-07-04 09:14:36,2023-10-15 15:22:50,2024-03-13 10:48:08
299,68084-159,353,159,,2024-02-04 11:22:09,2024-04-09 19:28:49,2023-08-12 01:35:52
300,11999-002,404,727,,2023-07-24 06:45:42,2023-05-29 10:03:48,2023-05-24 14:24:43
301,17089-386,415,214,707,2024-02-25 18:38:39,2023-07-15 19:34:09,2023-06-15 20:33:57
302,0781-3152,323,310,99,2023-07-19 02:19:06,2023-09-10 05:43:28,2024-02-24 15:33:36
303,52125-452,94,256,,2024-03-23 17:40:19,2023-10-06 22:47:03,2023-11-08 06:49:45
304,0268-0150,112,753,,2023-09-17 15:20:35,2024-03-12 14:55:03,2023-08-13 17:22:08
305,0007-4141,152,525,,2024-03-31 08:53:58,2024-04-06 03:32:14,2023-05-23 07:09:08
306,50114-1064,339,245,505,2023-11-29 06:45:51,2023-06-18 22:35:55,2023-08-10 18:20:24
307,36987-1528,413,211,19,2023-12-05 18:21:51,2023-07-18 01:59:37,2024-05-19 17:08:57
308,59779-168,249,599,819,2024-01-02 23:22:57,2023-07-08 02:33:52,2024-02-01 18:17:33
309,50410-040,293,827,765,2024-01-29 12:33:19,2023-07-21 07:20:33,2023-09-08 20:06:28
310,64543-118,453,311,865,2024-03-30 19:27:13,2024-01-27 23:18:05,2024-05-18 01:50:11
311,0245-0710,494,137,624,2023-05-24 22:13:20,2023-11-25 12:48:24,2024-05-09 22:23:34
312,57883-405,458,643,559,2024-01-18 21:53:34,2024-03-28 18:21:38,2023-12-11 22:07:57
313,64720-106,58,360,117,2023-11-14 03:36:18,2024-05-07 09:34:31,2024-01-01 06:42:01
314,49288-0382,182,612,283,2024-04-08 14:51:04,2023-06-01 05:00:51,2023-05-28 05:42:30
315,23155-051,84,65,392,2024-01-28 14:29:07,2023-07-13 03:59:03,2023-12-05 23:05:40
316,25373-006,106,528,479,2023-07-18 13:01:38,2024-01-06 12:43:17,2023-06-20 18:36:17
317,62011-0104,224,310,,2023-09-17 18:09:05,2024-03-06 06:25:44,2023-07-11 07:16:29
318,13537-264,111,974,695,2023-11-07 13:06:56,2024-01-11 06:58:40,2023-08-09 03:20:03
319,30142-074,117,368,530,2023-07-09 21:15:10,2023-10-24 22:20:02,2024-04-07 08:35:12
320,68085-8012,245,525,,2023-07-25 06:39:46,2023-12-09 15:21:30,2023-12-30 11:35:49
321,21695-290,419,454,,2024-02-08 03:42:39,2023-06-23 19:32:33,2023-08-02 12:26:16
322,49999-848,177,640,610,2023-12-29 14:33:46,2024-04-14 05:12:54,2023-08-26 00:50:51
323,64536-0807,333,178,28,2024-01-18 02:14:49,2023-07-28 05:02:12,2023-10-10 19:44:49
324,0536-1011,270,608,980,2024-05-18 20:33:20,2024-04-17 12:55:28,2023-09-27 07:37:26
325,76237-241,173,525,790,2023-11-12 12:41:17,2023-11-07 14:54:03,2023-12-22 18:16:05
326,0173-0387,318,550,222,2024-05-07 15:16:20,2023-12-18 11:55:17,2024-04-05 16:08:15
327,0007-4141,76,696,142,2024-03-31 03:51:15,2024-02-18 01:52:02,2023-11-10 12:18:13
328,0143-9777,167,728,756,2024-03-11 06:06:54,2023-11-16 16:14:28,2023-09-03 00:07:53
329,54973-0622,171,393,,2024-05-06 09:05:22,2023-07-26 15:14:36,2023-10-22 09:09:55
330,64064-002,347,685,,2023-06-28 02:11:33,2023-06-17 22:48:54,2023-06-29 15:07:16
331,54868-4096,253,756,632,2024-01-31 22:52:40,2023-12-30 02:50:38,2024-03-14 16:43:23
332,59762-0222,319,116,498,2023-07-17 15:48:48,2024-05-10 06:49:25,2024-02-02 13:01:07
333,36987-1304,114,270,645,2023-10-09 11:02:52,2023-10-14 17:57:06,2023-11-16 06:21:15
334,55111-397,314,534,439,2023-07-15 12:52:56,2023-08-25 06:05:41,2023-09-20 14:29:46
335,46017-012,414,680,424,2023-07-21 02:01:43,2023-09-12 15:33:55,2023-11-23 15:10:31
336,53045-125,364,583,358,2023-07-01 06:25:31,2024-03-26 04:50:58,2023-08-09 09:40:25
337,55154-3676,72,663,95,2023-08-28 10:10:20,2023-09-11 14:09:52,2023-08-23 16:14:34
338,43093-105,399,137,,2024-04-16 16:38:56,2024-05-01 04:52:35,2023-09-20 04:37:34
339,0093-7426,180,313,338,2023-12-02 11:26:43,2023-10-12 03:16:37,2024-01-20 19:37:25
340,51769-134,492,576,,2024-04-01 00:59:01,2023-08-11 03:05:47,2023-07-01 05:58:41
341,50153-110,398,385,606,2024-05-01 19:14:20,2024-05-11 19:03:52,2023-11-17 22:56:37
342,13537-144,249,385,,2024-05-18 06:54:31,2024-04-30 04:15:36,2023-11-10 17:25:29
343,48951-9158,127,847,669,2023-07-10 08:56:30,2023-09-18 21:56:55,2024-02-12 18:10:32
344,61703-343,282,701,,2023-07-21 04:37:16,2023-08-17 22:59:06,2023-12-01 10:15:22
345,58133-055,180,476,,2023-07-01 13:47:25,2024-04-27 13:15:02,2023-08-30 17:39:43
346,0173-0949,432,98,984,2023-11-29 09:14:08,2023-06-21 22:24:48,2024-01-09 03:44:07
347,0615-4590,408,403,,2023-12-05 17:49:16,2024-03-16 00:08:18,2024-01-18 09:46:56
348,61666-000,230,896,,2024-01-17 14:37:22,2023-05-22 18:38:00,2023-09-26 04:58:53
349,37205-736,360,331,827,2023-06-30 17:02:55,2024-02-04 03:24:50,2024-01-11 01:17:34
350,67405-671,69,462,652,2023-06-27 04:27:29,2024-03-13 18:53:28,2024-03-01 19:11:00
351,54575-357,442,357,14,2023-06-29 00:30:51,2024-03-07 16:48:12,2023-12-23 20:18:48
352,55154-9566,445,310,,2024-03-03 21:16:39,2023-11-13 17:56:29,2024-04-06 17:13:07
353,36987-1224,115,658,991,2023-12-13 19:42:39,2024-02-13 00:09:15,2023-12-25 09:24:02
354,43269-817,491,350,451,2023-11-12 02:24:41,2023-08-15 17:43:07,2024-04-06 12:03:27
355,63323-477,64,211,,2023-11-17 09:24:20,2023-07-25 23:19:25,2024-01-29 05:31:04
356,0228-2896,443,54,177,2023-05-31 12:50:03,2024-04-13 17:41:41,2024-01-31 05:19:48
357,55154-5391,424,830,592,2024-03-04 18:53:21,2023-10-09 23:50:29,2023-09-18 05:56:02
358,0409-7808,472,745,779,2024-04-07 21:54:48,2023-06-10 02:36:12,2023-06-30 05:01:22
359,48951-9122,278,142,720,2023-06-01 22:19:30,2023-08-26 19:20:20,2024-04-01 21:09:08
360,44001-321,165,344,760,2024-03-03 22:26:54,2024-04-12 10:54:51,2023-11-02 14:56:11
361,50438-200,105,104,668,2023-10-07 02:03:19,2024-02-04 21:18:47,2023-09-26 02:51:38
362,67510-0663,155,543,81,2023-12-15 09:15:30,2023-09-05 19:48:14,2023-07-04 09:30:23
363,58118-0371,194,174,94,2023-06-06 03:51:44,2024-03-23 05:01:25,2023-08-17 19:33:02
364,53150-485,239,535,577,2024-05-14 14:49:27,2024-01-26 02:00:12,2024-01-21 11:03:07
365,43269-875,464,317,,2024-02-08 01:52:00,2023-10-10 13:53:47,2023-08-06 19:17:54
366,49288-0026,392,292,,2024-01-20 10:51:45,2023-06-06 21:22:59,2024-03-10 21:16:34
367,49288-0007,419,223,,2024-03-08 14:58:09,2023-10-04 18:20:37,2023-09-21 09:47:24
368,0395-1685,251,859,460,2024-03-13 11:40:47,2024-01-21 22:40:36,2024-01-08 15:38:55
369,62742-4042,496,281,,2023-07-18 23:40:49,2024-03-07 07:50:23,2023-11-28 07:04:07
370,0168-0407,329,387,615,2023-12-01 05:16:20,2023-12-10 23:29:24,2023-10-14 08:36:12
371,0378-9645,463,339,464,2024-02-01 01:56:59,2024-02-17 11:00:36,2023-08-18 18:08:01
372,60951-701,70,106,,2023-08-10 08:23:03,2023-09-12 05:50:27,2023-08-17 15:09:44
373,11410-927,489,361,835,2023-10-05 13:14:54,2023-08-03 07:34:31,2024-05-15 16:21:13
374,63354-280,241,559,884,2024-05-14 10:21:10,2024-02-25 02:43:31,2024-02-04 13:51:44
375,54340-006,474,861,801,2023-09-25 07:08:25,2024-05-18 11:03:56,2023-07-08 20:31:10
376,53489-553,493,125,4,2024-04-04 15:48:03,2023-06-10 10:13:58,2024-05-17 19:46:37
377,37205-960,160,811,494,2023-06-12 01:13:17,2023-11-10 16:57:38,2023-05-29 09:53:32
378,36987-2620,310,817,465,2023-07-06 00:01:58,2023-10-05 12:53:31,2023-08-14 11:11:50
379,13537-345,449,900,233,2024-04-06 20:07:17,2023-09-01 14:24:04,2023-07-18 09:34:05
380,55154-1413,163,79,,2023-12-26 18:36:59,2023-08-31 18:23:19,2023-05-31 19:47:02
381,49781-077,348,350,74,2023-08-31 00:13:59,2024-03-13 12:08:38,2023-10-07 12:34:04
382,54868-5890,119,835,322,2023-08-23 06:28:48,2023-06-19 09:36:13,2023-05-30 11:10:37
383,55289-433,276,759,973,2023-12-09 23:17:10,2023-12-23 11:48:04,2023-06-26 08:48:49
384,0904-7822,303,86,,2023-07-12 03:52:30,2023-08-08 03:31:12,2024-05-06 03:42:47
385,54868-6341,241,857,,2023-12-06 09:18:33,2023-06-27 01:13:08,2023-10-28 17:24:18
386,50383-249,80,606,,2024-02-06 12:19:40,2024-03-28 07:06:18,2024-01-10 06:59:00
387,36987-2076,283,262,,2024-05-16 16:18:31,2023-10-27 01:05:55,2023-06-14 21:50:37
388,36987-2975,259,281,829,2023-10-29 08:26:21,2024-05-16 20:09:29,2023-10-20 03:03:03
389,11084-538,85,52,,2023-07-05 12:01:01,2023-06-27 02:20:04,2023-10-05 02:26:56
390,44119-006,341,334,,2024-02-25 00:39:43,2023-06-07 05:01:17,2023-07-03 04:08:14
391,54569-6408,50,827,682,2024-03-06 16:56:27,2024-03-18 15:38:07,2024-04-14 10:11:13
392,54092-520,175,743,,2023-09-05 00:57:06,2024-02-13 10:59:16,2023-05-29 12:59:10
393,42254-114,492,977,142,2024-02-11 19:58:50,2023-05-21 19:16:27,2023-07-17 02:55:35
394,58281-561,171,825,,2024-03-18 01:19:31,2024-04-13 07:35:08,2024-03-03 14:25:54
395,27281-010,116,51,168,2024-01-29 05:19:02,2023-06-17 04:12:02,2023-07-01 13:37:56
396,55910-020,468,297,708,2023-10-16 22:12:03,2023-07-02 07:20:45,2023-06-17 06:59:57
397,76485-1043,169,635,149,2024-02-02 23:44:20,2024-01-24 16:17:48,2023-06-05 19:27:11
398,42808-302,83,710,,2024-02-06 13:18:12,2023-09-07 19:46:34,2023-07-29 17:13:15
399,49348-801,108,59,684,2023-06-21 21:41:51,2023-10-22 09:46:02,2023-06-20 04:02:05
400,16252-506,487,42,808,2024-04-07 09:50:45,2024-01-12 07:47:20,2024-04-20 09:55:47
401,42291-845,279,118,,2023-06-10 20:30:03,2023-07-30 04:20:16,2024-03-22 03:30:07
402,51138-097,228,403,538,2023-08-02 15:12:26,2023-09-15 15:52:45,2024-02-14 21:38:35
403,60289-238,153,471,96,2023-10-10 14:06:44,2023-12-23 14:52:27,2023-12-16 14:41:00
404,0615-7548,358,420,,2024-03-01 05:49:02,2024-01-21 08:59:38,2023-11-08 10:31:32
405,0924-0123,282,197,824,2024-03-11 04:26:41,2024-05-18 03:45:02,2023-05-29 13:21:09
406,53329-651,411,966,591,2023-08-25 19:58:37,2023-06-29 05:37:46,2024-03-11 11:53:54
407,52125-825,159,437,225,2023-07-21 21:59:15,2024-02-20 10:44:52,2024-03-22 09:43:44
408,55315-550,81,151,,2023-09-07 15:45:28,2024-02-22 06:42:49,2023-05-30 00:51:45
409,63776-450,207,183,475,2024-04-24 05:50:47,2023-10-31 04:42:37,2024-05-12 03:03:54
410,11822-0154,367,10,881,2023-06-15 04:25:25,2023-09-06 14:55:18,2024-04-23 02:52:42
411,51138-062,299,87,983,2023-12-21 17:20:17,2024-03-21 09:11:58,2023-06-28 16:26:12
412,60232-3400,242,213,,2023-05-22 07:59:03,2023-07-28 15:56:24,2023-08-20 02:05:19
413,0603-3340,359,134,959,2024-05-15 12:14:43,2023-08-27 13:06:22,2023-06-03 13:43:05
414,47124-295,483,645,,2023-10-14 04:26:59,2024-02-08 23:31:54,2023-07-23 06:48:29
415,59535-2501,419,426,327,2023-08-28 05:18:30,2023-09-01 16:28:01,2024-01-14 04:41:51
416,52125-954,192,390,113,2024-03-28 22:09:42,2023-11-12 23:56:14,2023-09-03 08:23:03
417,0378-2457,474,389,352,2023-07-03 18:43:45,2024-01-04 11:13:06,2024-02-05 17:34:54
418,10191-1843,430,585,281,2023-07-29 14:48:59,2023-07-15 12:06:11,2023-12-19 12:06:23
419,60429-130,187,634,,2024-02-01 19:35:44,2023-10-18 18:21:44,2023-08-09 12:32:14
420,65862-604,172,167,486,2023-09-15 11:00:54,2024-01-02 17:42:17,2024-01-31 10:20:00
421,0603-5686,94,866,928,2024-05-05 23:16:13,2023-07-29 01:09:09,2023-09-23 23:53:01
422,13537-194,417,353,622,2023-10-11 04:57:25,2023-07-01 19:36:48,2023-10-20 23:12:23
423,55150-129,218,127,,2023-08-04 03:40:03,2023-06-09 13:44:33,2023-12-29 21:29:53
424,0485-0254,102,205,658,2023-05-25 02:39:18,2024-02-01 14:03:10,2023-06-30 08:02:57
425,51672-4017,498,455,976,2023-11-24 01:13:51,2023-10-10 04:54:01,2024-01-14 18:02:11
426,68472-096,239,736,568,2024-01-03 21:25:51,2023-07-18 10:39:15,2023-06-27 01:44:32
427,62037-690,475,283,715,2023-06-10 18:00:03,2023-09-19 11:02:15,2023-12-27 15:16:04
428,48951-8219,454,801,,2024-02-04 05:02:20,2024-03-10 19:49:10,2023-12-18 12:52:44
429,65044-1302,463,584,141,2023-07-13 18:02:24,2023-06-05 22:39:08,2023-12-31 17:16:38
430,68084-398,213,788,200,2023-08-21 05:35:47,2024-05-09 11:58:25,2024-02-12 02:19:23
431,0268-6752,117,999,826,2023-11-23 10:42:25,2023-07-18 02:54:30,2023-05-25 04:55:13
432,0409-1135,70,747,,2023-06-12 08:53:16,2023-08-06 01:29:15,2023-07-23 18:18:52
433,0363-0397,306,431,,2023-08-12 08:46:53,2023-08-22 09:06:07,2023-08-17 13:21:08
434,49288-0235,360,388,,2024-01-10 04:47:52,2024-02-01 08:06:11,2023-09-06 17:33:49
435,0555-0762,178,830,645,2024-03-16 19:36:52,2024-04-26 18:59:48,2023-12-31 18:20:54
436,55754-122,429,513,483,2024-04-25 02:42:41,2024-02-02 12:33:37,2023-06-28 21:27:51
437,40046-0069,213,888,,2023-06-19 17:24:29,2023-11-20 18:29:10,2024-03-08 04:27:04
438,60505-2762,271,186,618,2023-08-17 00:46:52,2024-02-21 21:57:52,2024-03-02 20:22:13
439,0268-6402,351,355,980,2023-11-05 20:11:57,2023-08-26 12:49:49,2023-08-29 06:28:17
440,48951-8031,93,534,99,2023-06-09 01:04:12,2023-08-16 22:47:34,2024-04-26 00:42:18
441,57520-0637,412,843,,2023-11-29 04:42:31,2024-04-17 11:17:49,2023-11-17 10:55:06
442,55315-352,453,367,,2024-03-29 14:18:41,2023-06-07 12:16:26,2024-05-05 22:46:16
443,17478-826,217,672,,2024-01-20 12:54:10,2023-08-04 15:37:01,2024-01-06 16:45:13
444,51621-012,289,581,993,2024-02-01 10:14:02,2023-08-19 00:35:21,2023-12-31 01:50:32
445,67253-263,96,991,338,2023-10-13 20:31:04,2024-02-06 09:57:31,2023-11-17 05:30:59
446,62175-486,59,953,754,2023-07-24 23:12:51,2023-09-22 04:22:25,2023-11-08 11:57:16
447,37000-823,462,379,,2023-12-05 12:13:29,2023-11-06 08:07:44,2023-12-04 12:59:09
448,0006-3919,484,792,,2023-05-30 03:21:18,2023-10-22 09:32:02,2024-02-17 03:56:32
449,67425-003,70,979,866,2023-07-05 00:49:34,2023-09-11 04:46:29,2023-11-28 12:09:44
450,50563-141,379,951,,2024-01-20 15:42:30,2023-09-22 16:46:49,2023-09-18 14:42:09
451,0409-7931,344,545,271,2024-01-16 13:58:08,2024-04-10 22:07:11,2024-02-01 00:02:28
452,16781-382,168,851,579,2024-05-11 12:07:02,2024-04-02 07:33:53,2024-05-17 14:40:09
453,57955-5153,174,530,555,2023-05-25 12:57:23,2024-01-14 06:42:36,2023-06-29 09:03:03
454,55312-459,99,374,60,2023-12-11 09:49:38,2023-11-15 18:46:08,2023-12-06 13:40:56
455,43538-170,356,940,211,2024-02-12 21:37:07,2024-02-04 06:54:04,2023-11-29 22:59:06
456,50965-123,308,241,,2024-02-09 23:06:45,2024-04-14 00:35:45,2023-08-06 11:31:47
457,61221-020,91,343,739,2024-02-11 19:47:44,2024-01-10 11:37:07,2024-04-10 10:09:26
458,44911-0029,238,439,116,2023-07-06 01:58:16,2023-10-23 11:27:24,2024-02-28 20:09:26
459,53489-376,114,5,442,2024-01-19 22:44:33,2024-05-11 09:38:35,2023-11-10 23:26:21
460,68084-348,192,822,,2024-04-09 17:51:35,2024-03-25 03:32:52,2023-12-15 07:01:21
461,49288-0748,425,630,640,2023-11-10 00:09:48,2023-10-04 00:06:23,2024-01-12 07:04:14
462,68001-253,317,263,,2023-09-28 07:55:27,2023-05-28 12:12:47,2024-01-23 01:22:43
463,60723-033,483,981,877,2024-04-28 20:11:15,2023-08-07 08:33:06,2024-02-02 02:07:29
464,41250-527,236,287,,2024-05-13 18:49:28,2023-06-24 14:44:18,2024-01-20 22:55:58
465,57520-0246,434,897,777,2023-07-15 23:28:49,2024-05-14 07:24:57,2024-03-26 02:08:46
466,37000-757,198,311,3,2024-01-15 18:58:18,2024-05-05 10:15:40,2023-08-01 21:00:23
467,61403-010,196,648,499,2024-04-11 11:15:58,2024-04-08 14:33:39,2024-02-19 08:25:18
468,43269-723,314,381,,2023-11-04 17:48:55,2023-10-06 23:47:55,2024-01-17 19:18:14
469,67938-1024,392,946,,2024-04-04 19:28:06,2023-08-07 22:18:55,2024-02-21 06:38:34
470,24658-245,267,681,515,2023-08-01 11:32:17,2024-01-04 06:43:20,2024-01-27 23:48:37
471,55154-1376,322,634,461,2023-06-05 10:41:01,2023-12-24 08:21:31,2023-10-07 17:00:01
472,10157-9608,462,713,,2023-08-21 02:41:09,2024-01-17 16:36:29,2024-02-03 10:04:36
473,52862-309,234,876,402,2023-06-07 17:16:07,2023-12-07 01:05:39,2023-07-17 13:05:17
474,0093-7335,421,923,,2023-06-07 22:04:06,2024-03-16 05:19:33,2024-02-02 10:11:22
475,63730-206,279,74,,2024-04-14 09:17:10,2023-07-05 01:42:04,2024-03-19 02:25:00
476,0025-1530,92,908,398,2023-08-03 15:15:40,2023-07-30 21:23:17,2024-03-16 18:19:06
477,43406-0045,444,17,,2023-06-06 12:11:59,2023-09-04 16:37:44,2024-02-10 04:48:56
478,65691-0108,394,189,,2023-06-22 11:55:54,2023-11-08 08:58:24,2024-01-25 01:28:00
479,0904-5046,381,327,,2023-07-27 01:08:05,2023-12-04 17:22:48,2023-09-22 15:14:07
480,36987-2009,361,194,,2024-01-18 18:07:56,2024-05-09 06:52:50,2023-09-03 14:22:27
481,60512-0018,157,569,,2024-02-17 04:53:04,2024-04-13 23:24:32,2024-05-01 06:39:50
482,10812-396,190,908,706,2023-06-16 06:55:47,2024-02-27 13:46:03,2023-08-27 01:47:26
483,44911-0101,64,75,166,2023-09-08 17:24:21,2023-06-05 05:35:12,2024-05-14 13:08:21
484,43857-0072,467,168,482,2024-02-13 12:17:46,2023-06-01 15:36:33,2024-04-15 02:07:48
485,58892-600,195,369,267,2023-07-28 05:20:33,2023-10-17 13:26:22,2024-01-28 21:51:28
486,0536-3030,236,149,362,2023-08-19 21:26:31,2024-03-20 04:54:55,2023-07-18 05:43:57
487,57237-078,124,817,913,2023-11-21 18:58:51,2024-03-23 14:25:03,2023-10-28 20:00:38
488,60681-1303,180,269,318,2024-04-26 18:11:12,2023-07-04 15:43:48,2023-11-18 00:34:14
489,76378-012,423,602,608,2023-09-01 06:38:38,2024-03-24 01:16:50,2024-04-25 07:38:50
490,55154-7776,457,287,679,2024-01-12 05:04:44,2024-02-08 01:12:40,2023-06-07 21:47:21
491,50458-396,427,675,475,2023-09-05 07:29:07,2024-03-28 03:59:57,2024-01-11 06:29:54
492,59779-504,121,973,880,2023-07-12 12:24:24,2024-04-11 19:28:45,2023-07-09 12:22:56
493,43406-0015,301,425,519,2024-04-05 10:34:36,2024-04-02 06:49:07,2024-02-06 14:22:59
494,67038-101,358,319,72,2024-04-11 19:40:35,2023-08-07 19:04:35,2024-01-22 22:36:07
495,61755-005,335,317,816,2023-08-06 08:58:39,2023-11-09 16:56:53,2023-06-22 11:24:20
496,0069-0136,352,24,943,2023-06-02 08:16:15,2024-05-19 21:22:29,2023-08-28 04:35:43
497,59050-242,134,773,639,2023-11-22 06:21:11,2023-06-21 16:57:14,2024-04-20 23:18:32
498,55154-4034,261,200,,2023-09-29 19:18:58,2024-03-04 23:18:59,2023-11-29 23:19:55
499,55154-5499,120,477,290,2023-07-31 11:13:58,2024-01-04 21:22:27,2024-05-03 01:52:26
500,49999-205,79,166,857,2023-11-20 20:15:17,2023-08-30 10:15:56,2024-05-11 03:54:41
501,11822-0335,261,495,,2024-01-17 13:23:00,2023-09-30 09:19:49,2023-09-17 05:02:56
502,62839-2728,289,54,662,2023-12-01 09:11:28,2024-02-03 07:17:33,2023-09-11 02:34:39
503,59886-348,421,457,963,2023-07-28 18:50:28,2023-05-21 21:07:49,2024-01-04 21:14:32
504,0615-3593,280,827,,2023-09-25 00:27:11,2024-03-12 15:15:09,2024-01-15 01:29:18
505,68814-250,321,577,547,2023-09-26 01:52:35,2023-12-22 18:26:41,2024-03-11 06:47:19
506,62032-507,498,794,238,2023-09-15 01:43:15,2023-07-08 20:42:55,2023-07-09 23:13:57
507,55133-010,466,551,888,2024-04-01 23:47:57,2024-02-21 09:49:42,2023-09-15 04:11:10
508,0904-5018,269,215,350,2023-08-22 16:40:01,2023-07-25 06:15:18,2023-10-07 20:23:12
509,36987-2965,374,616,,2023-08-22 05:04:03,2023-08-14 09:12:50,2023-05-29 00:25:32
510,63629-1463,447,943,,2023-09-14 20:22:05,2023-08-13 20:20:46,2023-07-02 09:59:02
511,0363-0189,112,238,,2023-07-11 01:49:23,2024-01-23 11:03:25,2023-11-17 20:48:55
512,55711-066,409,761,,2023-12-15 04:34:07,2024-05-20 20:30:06,2024-03-12 23:36:43
513,69249-000,211,216,,2024-01-24 21:30:21,2023-09-28 02:49:50,2024-04-03 00:26:26
514,55754-000,481,419,495,2023-09-02 10:34:24,2023-11-19 10:03:24,2023-11-16 21:17:15
515,48951-8129,85,762,775,2023-10-19 11:20:53,2024-03-23 23:52:50,2023-06-19 10:03:30
516,63187-148,424,105,,2023-10-25 05:35:54,2023-12-25 19:35:48,2023-09-04 19:48:31
517,0002-4463,245,347,,2024-02-08 09:05:24,2023-07-22 18:01:32,2023-07-01 06:18:52
518,68645-446,51,272,203,2023-09-09 20:45:36,2024-04-27 13:22:19,2024-03-12 17:33:00
519,43063-126,421,155,105,2023-11-05 10:05:41,2023-05-27 13:41:28,2023-09-19 22:42:12
520,64764-918,88,478,456,2023-09-30 06:26:49,2023-05-31 20:47:13,2024-03-02 12:07:10
521,50436-5000,309,774,943,2023-08-25 17:12:58,2023-12-08 22:45:35,2024-04-07 10:22:39
522,55111-172,370,193,,2023-11-14 06:13:24,2024-02-19 03:25:26,2024-01-01 19:39:26
523,50228-112,409,640,,2023-10-02 22:38:15,2024-05-02 08:23:44,2023-06-09 23:50:32
524,75997-029,132,303,,2024-03-11 00:39:41,2023-07-08 13:18:04,2024-04-22 14:06:56
525,0168-0272,208,691,,2024-03-15 18:27:25,2024-05-10 19:12:47,2024-03-15 18:19:45
526,0009-3448,54,867,,2024-04-13 22:51:01,2024-02-21 15:05:07,2024-03-30 14:38:10
527,60505-2653,342,508,716,2023-09-30 07:24:53,2023-07-04 09:16:22,2023-07-18 21:23:58
528,51645-291,56,963,810,2023-06-24 09:35:53,2023-11-17 06:31:16,2023-06-03 23:25:29
529,59779-210,252,712,,2023-12-03 05:15:30,2024-01-15 10:51:44,2023-11-02 15:49:52
530,61570-073,342,385,587,2023-05-31 01:35:45,2024-02-20 04:22:20,2024-04-04 23:30:50
531,0363-0329,148,369,252,2023-06-04 20:38:06,2024-02-11 03:17:44,2024-04-24 16:27:46
532,41250-519,308,700,460,2024-05-01 14:01:32,2023-11-09 02:39:02,2024-03-01 06:31:40
533,0703-4852,463,104,279,2024-01-14 10:14:58,2023-10-16 23:30:55,2024-01-10 00:36:36
534,49349-828,475,837,450,2024-04-07 23:10:50,2023-11-30 17:30:56,2024-03-15 01:03:04
535,43063-531,126,505,793,2023-07-07 04:12:06,2024-04-25 16:18:39,2023-06-18 00:25:02
536,0143-9713,338,942,,2024-03-24 06:41:50,2023-09-26 11:41:36,2024-03-20 06:02:43
537,41595-5523,456,398,,2023-07-04 08:47:12,2023-05-25 07:17:46,2024-01-20 23:58:37
538,52246-929,190,865,978,2024-04-02 22:25:33,2023-09-09 12:47:26,2023-10-13 03:31:20
539,0472-0803,143,323,672,2023-07-02 03:56:58,2023-10-01 08:38:38,2023-07-24 17:17:58
540,63187-116,446,786,989,2023-09-28 05:47:11,2023-10-21 14:31:58,2024-02-13 15:57:50
541,24236-254,312,60,252,2023-08-10 18:46:55,2023-12-06 22:50:45,2023-12-04 03:45:58
542,50181-0002,329,970,21,2024-01-08 20:20:32,2023-09-17 18:57:09,2024-02-25 19:57:37
543,68788-9845,186,470,,2023-09-27 01:28:11,2023-12-11 05:11:41,2024-01-13 18:23:28
544,10678-001,417,764,,2023-06-20 05:35:02,2023-06-06 02:48:27,2024-03-19 12:47:30
545,0536-3029,403,381,,2023-09-14 17:07:43,2023-12-23 00:28:18,2023-07-14 22:04:36
546,0093-2109,475,741,457,2024-02-22 13:17:48,2023-09-23 06:55:17,2023-10-28 12:52:30
547,13537-301,468,836,,2023-10-31 01:46:13,2023-11-24 16:15:01,2024-02-21 16:52:49
548,30142-663,255,772,874,2023-10-16 11:53:53,2023-12-23 04:04:48,2024-04-15 09:48:29
549,60575-515,468,935,736,2023-11-01 19:34:31,2023-11-13 03:34:36,2024-02-17 05:52:05
550,0264-7634,372,978,953,2024-05-20 11:25:14,2024-05-19 14:00:41,2024-03-13 21:00:59
551,0113-0142,291,799,,2024-03-11 15:46:44,2023-12-09 10:52:40,2023-07-29 03:49:35
552,59779-107,422,346,,2023-06-28 08:31:32,2024-02-09 05:56:49,2023-10-24 02:10:37
553,52125-773,259,363,,2024-02-23 08:06:23,2023-12-04 04:15:41,2024-04-02 23:37:39
554,27437-106,255,504,,2024-04-30 17:06:48,2024-04-20 01:19:34,2023-12-14 13:57:43
555,53329-042,200,725,333,2023-10-26 15:53:21,2023-12-28 00:29:01,2023-10-20 10:19:43
556,53033-002,359,957,,2024-05-14 08:08:22,2024-02-10 09:41:09,2023-11-02 13:02:28
557,63629-4765,201,907,989,2023-09-19 13:20:58,2023-10-16 06:33:17,2024-04-21 22:07:37
558,42254-033,184,434,908,2024-05-14 05:43:54,2024-05-06 19:08:28,2023-06-19 08:02:33
559,51285-092,212,874,480,2023-11-15 00:17:31,2023-12-01 13:29:48,2023-07-30 10:05:59
560,37012-506,377,132,,2023-11-17 03:35:26,2023-11-23 19:53:59,2024-03-15 08:22:32
561,55154-0626,419,866,981,2024-01-30 09:38:25,2023-06-14 14:32:40,2024-05-20 10:28:26
562,51345-063,377,766,,2023-12-15 14:45:26,2023-12-17 15:12:11,2023-12-11 02:27:16
563,0054-0176,240,180,716,2023-06-25 09:03:03,2023-11-06 23:50:28,2024-02-14 13:23:19
564,51531-4162,441,876,609,2023-07-01 08:47:07,2023-07-13 20:12:01,2024-02-17 15:56:49
565,66213-200,328,577,383,2023-07-09 11:00:48,2024-02-18 03:14:31,2023-05-28 16:04:37
566,36987-3395,482,469,871,2024-05-03 13:28:26,2024-02-08 22:43:36,2023-06-30 14:10:57
567,54868-2847,160,885,,2024-01-12 08:15:12,2024-02-09 06:03:04,2024-02-05 10:58:03
568,49035-141,316,756,716,2023-07-26 14:31:42,2023-08-29 07:52:57,2023-11-08 18:43:21
569,43596-0019,101,771,,2023-07-30 22:35:42,2023-12-04 14:47:53,2024-03-21 08:13:37
570,31720-202,310,647,396,2023-10-11 22:49:26,2024-03-19 15:42:14,2023-10-21 17:08:08
571,67296-0023,373,542,736,2023-11-30 19:51:49,2023-07-31 00:39:11,2024-04-01 12:01:28
572,54738-901,498,59,485,2023-11-29 19:09:05,2024-04-26 01:18:14,2023-06-15 07:32:21
573,49348-044,168,150,,2023-09-25 03:38:25,2024-02-14 09:03:37,2023-12-14 06:34:40
574,49349-071,474,575,,2024-04-02 21:09:04,2023-07-09 19:45:16,2024-05-08 14:42:05
575,0409-7922,323,425,,2023-06-17 06:01:45,2024-01-19 17:07:06,2023-09-28 21:31:24
576,44946-1015,383,190,98,2024-03-09 22:08:59,2024-01-14 06:33:13,2024-05-10 10:08:48
577,54458-980,259,137,276,2023-09-03 10:30:17,2023-08-07 17:36:02,2024-01-06 11:51:58
578,51393-4010,417,988,413,2024-01-18 23:57:41,2024-04-14 15:43:09,2023-10-03 17:57:01
579,59779-384,492,630,,2023-10-15 07:15:44,2023-05-22 03:38:13,2024-05-01 00:15:06
580,0186-0032,496,857,760,2023-06-05 20:48:53,2024-02-03 21:25:40,2023-11-24 03:18:36
581,31722-501,155,997,,2024-02-04 20:26:53,2023-08-08 04:36:15,2024-05-14 17:14:43
582,50184-1010,335,749,533,2024-05-07 00:32:46,2023-07-20 02:55:32,2023-09-24 15:34:21
583,54473-226,423,520,304,2023-11-08 22:54:32,2023-07-23 01:46:09,2024-01-01 11:36:35
584,49884-727,386,841,452,2023-06-13 17:21:20,2024-02-20 18:21:15,2023-09-28 20:10:00
585,61715-033,107,472,700,2023-08-18 04:50:51,2023-10-09 02:28:19,2023-08-15 00:11:19
586,58503-034,200,110,916,2024-05-06 20:13:36,2023-12-12 14:04:14,2023-05-22 09:18:01
587,50804-184,320,503,698,2024-02-08 16:15:46,2024-02-12 16:46:20,2023-10-31 23:20:10
588,43596-0009,248,252,903,2023-05-30 05:25:50,2023-08-30 13:05:18,2024-03-18 10:01:28
589,49348-123,155,216,786,2024-04-14 19:38:40,2023-12-08 04:37:17,2023-06-04 09:13:09
590,43353-303,424,360,,2023-06-21 10:36:35,2023-06-11 06:35:45,2024-01-08 05:47:14
591,55882-6013,267,616,,2023-09-07 13:42:22,2023-06-01 11:01:42,2024-02-06 16:29:02
592,10147-1700,137,221,,2024-04-16 20:35:58,2024-02-10 18:18:04,2024-05-20 11:28:36
593,37808-432,350,6,831,2023-05-24 02:34:11,2023-11-24 02:31:12,2023-08-19 00:58:12
594,60505-0097,400,144,276,2023-08-14 19:14:57,2023-11-28 23:55:19,2023-07-28 18:14:21
595,61957-0532,102,200,874,2024-02-22 09:23:46,2023-08-04 12:12:12,2024-03-23 02:38:03
596,59779-197,79,61,858,2023-06-13 05:16:57,2024-03-25 09:28:00,2024-04-08 08:39:40
597,0713-0704,414,110,,2024-02-10 02:39:30,2024-01-02 18:24:43,2023-08-07 22:35:29
598,0781-5076,267,597,,2023-11-14 15:44:02,2024-03-15 08:21:16,2024-03-11 21:44:57
599,68196-175,378,708,,2023-08-26 06:32:41,2024-05-05 20:29:01,2024-01-02 23:05:57
600,63739-440,59,524,724,2024-02-29 09:26:12,2024-05-08 23:06:06,2024-02-26 16:56:31
601,57520-0466,217,20,,2023-10-02 09:50:44,2023-06-03 18:31:55,2023-09-01 20:57:20
602,24236-404,99,495,,2024-03-25 06:47:11,2023-10-12 12:35:50,2023-11-17 11:42:04
603,52380-1274,402,427,,2023-08-19 08:09:37,2023-08-14 23:00:54,2023-09-07 17:05:29
604,0832-0465,183,757,905,2024-05-06 15:09:32,2024-04-18 09:33:27,2023-09-12 19:13:14
605,59779-402,365,211,,2024-02-28 11:32:57,2023-07-02 15:44:33,2024-01-05 06:48:19
606,68828-121,455,199,,2023-12-13 21:12:31,2023-09-22 02:13:48,2023-07-28 17:32:56
607,57520-0047,127,420,332,2024-05-18 10:18:39,2024-03-07 07:59:06,2023-07-24 02:22:05
608,0555-0715,414,434,174,2023-06-04 09:12:07,2023-12-23 11:44:04,2023-08-13 20:10:58
609,55316-434,284,551,812,2023-12-29 20:53:19,2024-04-27 09:26:02,2023-09-03 06:27:03
610,62011-0552,326,181,542,2023-12-01 02:31:57,2023-06-10 09:23:14,2023-08-02 05:02:00
611,21130-296,438,782,,2024-03-09 10:35:39,2023-07-10 14:11:17,2023-08-31 17:01:23
612,54162-009,196,339,472,2023-06-28 18:40:27,2024-04-10 14:20:22,2024-04-21 07:12:44
613,53057-014,393,206,,2024-01-07 22:09:15,2023-06-28 17:28:45,2023-09-20 06:26:50
614,36987-1593,200,38,11,2024-03-25 10:11:13,2023-07-22 20:30:53,2024-03-15 10:06:27
615,76464-001,94,1,,2023-08-11 15:39:58,2023-12-24 22:19:30,2023-11-11 16:49:00
616,54868-5166,98,782,594,2023-06-05 08:27:44,2024-02-13 20:35:44,2023-06-29 07:08:10
617,0121-1762,236,568,855,2023-07-15 17:24:05,2024-01-07 14:15:31,2023-09-17 08:08:26
618,0527-1394,245,314,344,2023-11-15 20:54:31,2024-02-29 01:25:57,2023-12-04 18:24:45
619,36987-1469,353,737,601,2023-07-02 01:50:17,2023-10-02 02:40:41,2024-02-02 17:52:17
620,0264-7682,414,334,,2023-12-23 03:51:34,2024-01-30 18:19:09,2024-02-03 20:48:05
621,58160-809,371,430,,2023-10-31 22:33:15,2023-09-24 22:56:43,2023-10-15 10:55:57
622,58232-0526,247,968,683,2023-11-07 18:51:21,2023-08-16 06:04:27,2024-04-07 12:34:56
623,16781-376,147,906,422,2023-06-24 07:57:18,2024-03-30 04:07:31,2024-04-18 00:42:19
624,45146-110,413,361,,2023-07-14 08:37:20,2024-04-04 00:46:59,2024-05-04 15:20:18
625,68151-5044,57,481,,2024-01-21 08:58:42,2024-01-08 13:24:02,2023-08-14 08:01:52
626,55154-1496,234,406,992,2023-06-10 00:23:34,2023-07-07 08:21:18,2023-08-30 23:53:21
627,12745-109,382,304,964,2024-04-26 12:02:51,2023-06-04 22:48:01,2023-08-26 08:09:29
628,36987-2350,386,765,91,2023-06-01 16:25:01,2024-04-09 11:34:04,2024-04-28 09:31:48
629,61715-057,308,521,38,2024-03-08 04:13:42,2024-03-18 01:05:44,2024-01-05 20:33:22
630,69106-120,309,598,,2023-09-05 03:45:01,2023-06-05 17:28:50,2023-08-21 16:50:02
631,76019-100,102,207,427,2023-11-26 17:04:35,2023-06-13 19:56:09,2024-01-05 16:29:27
632,0009-3359,356,601,197,2024-02-03 09:23:35,2024-01-08 20:51:26,2023-10-31 15:15:59
633,36987-2826,323,195,,2023-05-26 15:28:22,2024-03-02 21:20:35,2024-03-27 09:19:46
634,52125-807,313,922,114,2024-02-19 08:05:29,2023-06-14 13:24:21,2024-02-19 14:57:09
635,49738-668,267,603,,2023-12-01 21:00:57,2024-05-18 03:51:25,2024-03-04 10:39:00
636,58232-0803,68,189,359,2023-08-19 17:16:27,2023-08-30 11:03:14,2023-06-10 20:35:51
637,76282-405,289,163,259,2023-12-04 10:53:09,2024-03-04 13:27:52,2023-06-13 01:25:03
638,50484-309,130,256,,2023-09-07 07:25:42,2024-01-13 07:12:33,2023-06-15 00:03:35
639,64117-216,154,38,667,2023-08-15 11:11:58,2024-01-31 19:53:38,2024-04-26 07:37:49
640,0944-2841,321,546,450,2024-01-11 21:01:13,2024-02-01 08:45:09,2023-09-04 09:19:19
641,76126-101,133,754,186,2024-01-09 19:01:34,2023-06-24 09:23:01,2024-05-04 20:26:39
642,10096-0144,97,472,895,2023-12-19 17:09:08,2023-06-18 06:30:01,2023-07-21 16:52:19
643,51346-162,416,855,,2024-01-09 18:46:50,2024-01-29 09:56:22,2024-03-16 09:16:38
644,11822-2180,252,181,926,2023-05-25 12:03:46,2024-05-15 22:59:28,2023-11-25 21:08:22
645,63629-1579,423,56,532,2024-01-29 03:40:38,2023-05-22 17:01:35,2024-02-01 17:25:52
646,52125-387,168,936,869,2023-05-25 07:12:53,2024-05-20 18:23:02,2024-01-06 08:25:54
647,63783-008,426,323,,2023-10-10 22:31:21,2023-11-10 04:24:31,2023-09-06 20:42:57
648,52125-098,449,949,942,2023-08-24 09:26:34,2024-02-20 04:08:59,2023-10-10 13:05:34
649,41520-521,117,457,361,2024-01-21 03:21:15,2023-07-28 12:08:03,2024-03-24 14:57:03
650,24236-493,81,212,344,2024-04-09 02:48:09,2024-04-08 06:12:16,2024-02-08 06:21:27
651,67510-0159,256,957,269,2024-04-12 10:50:28,2024-04-27 18:48:45,2024-02-18 03:43:48
652,0113-0065,72,720,,2023-10-01 02:02:19,2024-01-01 06:23:10,2024-05-16 06:14:05
653,54738-907,110,492,844,2023-08-16 14:04:33,2023-06-27 16:15:04,2024-05-16 23:38:52
654,0603-0842,470,449,,2023-09-22 12:35:15,2023-11-06 14:31:10,2024-02-21 01:37:31
655,54569-0871,425,691,,2023-10-09 08:26:02,2024-02-27 15:20:56,2023-12-05 06:00:31
656,53746-218,174,313,479,2023-09-16 19:49:23,2024-05-20 23:01:32,2023-11-01 14:02:13
657,49288-0053,397,104,887,2023-09-09 02:56:26,2023-06-05 05:52:33,2024-02-03 19:42:46
658,63672-0005,478,867,,2023-07-22 00:25:22,2024-03-12 12:49:00,2023-10-25 13:56:51
659,52584-213,448,932,838,2023-06-29 03:35:46,2024-01-28 03:15:05,2024-05-14 05:52:24
660,0179-0108,60,686,380,2023-06-20 15:56:39,2023-10-20 03:57:59,2024-05-14 10:15:50
661,54868-1326,438,708,,2023-05-22 10:46:12,2023-05-28 08:00:17,2023-12-03 20:35:13
662,63717-333,407,42,,2023-10-01 17:22:35,2023-10-11 15:22:27,2024-03-18 06:04:09
663,36987-2013,331,734,431,2023-06-06 09:35:01,2023-08-07 02:16:47,2024-05-17 10:59:27
664,60681-8003,127,501,414,2023-09-21 10:51:53,2023-08-29 08:17:59,2024-01-03 00:55:31
665,48951-3077,267,777,464,2023-07-21 18:58:38,2023-09-14 12:00:19,2023-10-03 19:27:12
666,31722-517,308,460,,2024-03-16 13:29:37,2023-07-05 00:11:47,2024-03-19 12:44:15
667,67877-164,494,438,655,2023-06-18 13:56:54,2023-12-12 09:47:18,2023-06-25 14:13:09
668,55154-5715,113,352,724,2023-09-02 11:39:38,2023-06-16 06:18:44,2023-08-21 07:41:18
669,41250-183,176,835,71,2023-07-20 09:01:04,2024-03-15 16:44:13,2024-05-03 05:18:32
670,68084-735,99,727,743,2023-12-07 22:13:21,2024-01-05 14:35:10,2023-09-16 23:52:56
671,41163-561,135,801,,2023-05-27 18:44:40,2024-04-15 21:43:42,2023-08-26 21:15:08
672,68001-131,193,855,56,2023-07-21 19:19:33,2023-06-13 10:29:56,2023-09-25 00:48:00
673,43458-1005,443,689,,2024-04-09 12:36:09,2024-05-11 20:59:51,2023-07-30 05:39:31
674,0173-0830,468,344,286,2023-09-28 18:12:22,2023-10-28 23:26:51,2023-09-17 11:41:51
675,0168-0071,312,671,403,2024-03-02 05:05:50,2023-05-29 04:46:37,2023-08-22 04:32:05
676,0268-0170,417,450,496,2023-07-26 15:42:24,2023-10-05 19:34:22,2023-12-22 09:27:10
677,52685-315,199,520,455,2023-10-24 21:26:52,2023-09-15 12:43:07,2023-10-29 19:02:00
678,57520-0236,148,77,624,2024-05-06 04:58:17,2023-10-17 06:52:31,2024-02-18 04:56:29
679,49035-546,60,444,360,2024-03-19 21:06:53,2023-09-23 07:25:29,2023-10-23 23:48:59
680,49520-301,131,838,985,2023-09-09 19:14:13,2024-04-10 12:16:17,2023-08-08 17:10:35
681,0115-9822,366,658,,2024-01-21 22:31:10,2023-05-29 01:30:57,2024-04-29 12:27:19
682,13733-016,459,569,,2023-12-25 16:25:45,2024-01-06 04:11:50,2023-10-23 18:02:38
683,63824-284,341,894,549,2024-01-14 13:42:28,2023-12-04 11:45:56,2024-05-20 20:49:42
684,16714-348,268,292,617,2023-09-19 05:28:33,2023-08-21 01:44:16,2023-09-04 16:53:51
685,76237-208,430,121,,2024-01-26 14:58:48,2024-01-15 23:31:00,2024-04-24 16:52:23
686,48951-8125,436,760,,2024-03-24 08:08:17,2023-11-03 20:50:44,2023-08-03 04:57:05
687,60905-0022,448,612,,2023-09-04 22:11:01,2023-10-25 19:44:56,2023-07-18 05:58:53
688,67938-1081,408,843,711,2023-12-15 03:56:58,2024-03-11 21:57:16,2023-09-11 12:05:08
689,62011-0014,375,276,265,2023-11-09 04:20:20,2023-10-07 19:21:12,2024-02-06 22:18:15
690,49580-3412,332,471,,2023-08-21 01:24:16,2024-01-02 11:12:07,2023-12-24 21:58:06
691,65044-6584,388,979,954,2024-04-18 18:28:59,2024-02-17 07:22:21,2024-01-06 01:49:38
692,63739-545,96,573,504,2023-07-21 23:47:51,2023-08-31 20:44:58,2024-01-17 07:42:39
693,55526-0005,383,216,650,2023-08-28 12:44:23,2023-11-29 04:01:44,2024-02-16 23:41:38
694,42002-403,250,15,951,2024-03-24 16:54:05,2023-11-13 16:12:40,2023-08-22 21:06:07
695,52083-056,205,743,,2024-05-05 19:16:39,2024-05-02 01:21:28,2023-09-05 03:31:53
696,49371-027,439,232,,2023-11-16 22:21:49,2023-09-14 00:57:17,2024-02-07 20:59:09
697,49349-914,83,58,112,2023-08-31 10:39:02,2024-03-24 16:54:02,2023-08-23 13:57:33
698,59883-175,303,995,390,2023-07-20 14:41:01,2023-12-06 05:03:53,2024-04-05 16:28:46
699,55292-201,118,528,205,2023-09-30 21:46:55,2023-08-25 01:30:35,2023-10-31 18:32:58
700,0338-1145,162,720,,2023-12-25 17:34:43,2023-08-27 11:40:54,2023-12-14 15:48:48
701,59078-048,196,834,,2023-07-27 13:56:54,2023-09-14 15:37:31,2024-04-27 19:44:58
702,16729-228,366,690,351,2023-11-05 13:58:44,2023-06-14 09:00:58,2023-12-14 11:19:26
703,49738-604,88,344,,2023-06-27 19:31:45,2024-03-25 15:18:46,2023-07-08 02:04:35
704,57520-0502,219,56,971,2023-09-29 03:47:02,2023-06-27 13:15:54,2023-12-07 00:12:00
705,43857-0259,270,931,374,2024-02-09 04:53:22,2023-07-01 01:13:37,2024-03-12 17:23:14
706,13537-069,125,153,998,2023-09-10 23:22:55,2024-05-16 19:19:23,2023-10-03 04:13:58
707,0615-4582,81,926,401,2023-06-12 01:58:11,2023-09-02 12:56:41,2023-10-09 22:47:31
708,53033-004,322,182,535,2023-10-07 18:57:33,2024-03-25 15:22:11,2024-02-02 14:58:18
709,65862-599,377,636,,2023-05-30 15:33:09,2023-12-06 19:31:49,2024-03-14 17:19:46
710,63459-541,342,847,785,2023-09-02 08:32:51,2023-12-15 03:24:47,2024-01-16 07:05:50
711,11673-647,68,738,,2024-01-04 14:43:35,2024-02-07 18:01:41,2024-01-31 05:08:43
712,49199-100,289,203,272,2024-01-11 18:33:08,2023-12-19 09:19:50,2023-11-12 17:07:14
713,43857-0040,75,932,,2023-12-14 01:33:18,2024-03-02 10:24:44,2023-08-24 12:03:48
714,66116-376,326,853,,2024-03-16 17:35:07,2024-03-29 05:25:27,2024-01-02 02:27:35
715,41268-368,108,944,,2024-02-14 04:27:44,2024-03-25 17:00:52,2024-02-06 14:31:34
716,55111-648,186,534,965,2024-01-16 12:34:27,2023-07-02 02:24:42,2023-06-04 18:45:16
717,0085-0370,165,160,517,2023-10-08 16:59:16,2023-09-09 03:56:18,2024-03-16 00:09:46
718,21695-520,331,480,,2023-06-06 20:16:59,2023-06-20 01:04:17,2023-09-14 13:22:33
719,59640-098,449,642,,2023-10-14 19:30:20,2024-02-26 09:06:06,2024-02-09 00:58:36
720,49035-699,52,234,,2023-09-06 11:08:47,2023-06-02 15:49:02,2024-03-14 18:27:11
721,13107-074,130,791,,2024-01-09 15:13:33,2024-05-09 19:14:45,2023-12-21 10:29:49
722,63323-399,91,875,703,2023-10-22 18:23:10,2023-10-18 02:56:21,2023-09-21 01:45:39
723,37205-538,363,850,102,2024-04-16 01:06:33,2024-03-28 10:43:41,2024-05-02 13:44:10
724,0591-5658,202,993,645,2023-11-23 07:46:50,2023-11-13 19:17:22,2023-10-04 21:19:41
725,37000-673,383,100,,2023-11-10 08:32:23,2024-04-22 11:35:21,2023-11-13 10:26:33
726,43598-203,492,998,544,2023-10-03 08:22:11,2024-04-03 11:30:45,2023-12-13 02:34:06
727,31722-206,422,262,,2024-03-16 00:40:58,2023-09-11 20:41:19,2023-09-23 07:30:55
728,60505-3145,96,763,228,2023-07-03 16:17:18,2023-11-26 03:40:57,2023-12-29 14:26:06
729,64980-172,262,526,637,2023-10-07 02:02:27,2023-06-25 08:18:07,2023-07-19 04:13:57
730,76126-075,168,239,844,2024-01-24 20:42:47,2023-12-12 08:43:14,2023-08-24 04:18:06
731,24236-543,172,363,909,2023-12-26 08:15:01,2023-05-21 10:26:55,2024-01-20 15:16:26
732,65321-026,170,309,811,2024-05-14 00:11:39,2023-07-24 17:11:11,2024-04-04 17:31:45
733,43353-748,176,486,778,2023-05-21 05:48:20,2024-05-20 21:37:22,2023-06-10 19:08:34
734,65643-330,360,740,871,2024-02-16 12:28:13,2024-05-09 13:23:30,2024-02-23 08:15:37
735,49035-054,453,561,,2023-09-23 22:16:14,2023-12-27 07:55:13,2023-06-12 16:35:06
736,42192-115,271,937,968,2023-10-26 07:52:26,2024-02-20 06:53:32,2023-08-15 22:16:59
737,68788-2027,257,976,,2023-12-31 12:32:56,2023-08-15 20:47:01,2024-03-02 06:34:13
738,0781-3301,145,528,759,2023-10-13 16:57:38,2024-01-21 08:59:56,2023-10-03 10:07:35
739,55154-6263,488,243,700,2024-01-14 00:33:36,2023-11-02 10:59:53,2023-11-30 07:14:27
740,61957-2104,362,151,,2023-06-30 15:54:33,2024-03-28 12:27:23,2023-10-24 00:03:19
741,0009-5178,499,204,465,2024-03-21 15:21:45,2023-08-15 13:55:12,2023-12-28 09:03:59
742,52747-480,452,47,631,2023-09-08 16:06:29,2023-10-17 21:57:41,2023-12-10 11:22:59
743,67253-233,217,820,774,2023-06-28 18:22:12,2023-07-11 10:51:27,2024-01-28 05:28:23
744,43386-160,360,685,850,2023-10-31 06:22:30,2023-10-19 03:44:37,2024-04-04 11:51:36
745,51327-200,307,946,10,2023-07-22 07:58:40,2023-06-16 00:43:23,2023-12-30 16:49:11
746,64942-1105,248,901,,2023-11-04 07:41:56,2023-05-24 13:18:59,2023-12-16 01:11:00
747,29500-2264,203,103,232,2023-10-09 14:50:26,2024-05-16 19:36:01,2023-11-12 20:15:15
748,10819-3912,432,30,173,2023-11-19 03:47:50,2023-06-23 17:32:08,2023-12-25 01:40:33
749,0054-0028,52,656,,2024-04-16 16:23:43,2023-12-24 17:51:59,2023-05-21 14:54:24
750,0268-1299,183,415,722,2024-04-24 12:00:28,2023-09-06 03:10:49,2023-11-04 21:06:00
751,58118-4745,73,119,977,2024-04-20 06:35:11,2023-08-18 13:06:53,2023-09-27 16:00:51
752,50268-100,420,965,465,2023-09-07 05:38:33,2023-07-02 10:35:02,2024-05-17 10:06:17
753,68258-3012,478,13,452,2023-06-09 20:06:28,2023-10-03 09:48:11,2023-11-11 05:16:44
754,0372-0043,51,6,515,2023-09-28 01:54:38,2024-04-27 02:29:04,2023-09-06 13:34:34
755,63777-806,489,498,524,2023-10-22 15:09:56,2023-09-11 01:03:00,2023-12-29 07:06:26
756,58914-600,218,141,230,2024-03-18 17:21:42,2023-08-05 17:32:29,2023-11-23 01:27:05
757,52124-1200,423,174,,2024-01-30 14:54:33,2023-12-19 20:30:24,2024-02-24 18:55:42
758,68084-389,248,604,576,2024-04-04 00:44:24,2023-08-25 22:20:41,2024-04-13 06:40:54
759,0002-7635,328,451,,2023-08-22 05:47:35,2023-06-10 12:16:44,2024-01-03 11:10:57
760,68788-9524,120,531,926,2023-07-20 22:39:54,2024-02-10 14:13:35,2024-04-14 12:36:01
761,63629-1349,496,884,,2023-11-17 21:31:02,2023-06-18 11:39:22,2023-10-31 10:41:40
762,11673-165,92,457,,2023-05-23 01:59:01,2024-01-03 18:57:32,2023-07-19 01:46:56
763,51079-519,403,930,,2023-08-23 05:41:08,2023-05-26 11:31:47,2023-07-27 06:20:13
764,36987-2052,225,822,692,2023-09-02 15:55:27,2023-12-17 15:51:58,2024-04-02 08:21:46
765,68084-062,219,963,,2024-01-18 02:24:05,2024-03-05 16:22:59,2023-08-15 13:51:22
766,0517-0746,95,693,,2023-07-22 02:25:55,2024-01-25 15:21:09,2024-05-11 01:37:40
767,55312-851,91,550,392,2023-11-03 21:57:15,2023-07-18 12:46:38,2023-12-13 10:02:23
768,69145-201,488,62,169,2024-02-18 16:26:29,2024-02-19 13:28:35,2024-01-10 07:54:09
769,70253-106,291,271,693,2024-05-03 14:15:09,2023-10-11 02:44:03,2024-03-09 20:41:50
770,0185-0042,392,707,973,2023-12-06 20:07:42,2023-06-24 03:14:16,2024-02-22 00:34:47
771,43419-025,205,494,563,2024-03-13 07:08:15,2024-02-02 02:45:15,2023-06-02 01:48:37
772,50111-468,132,851,915,2023-10-25 14:55:10,2023-09-13 02:54:17,2023-10-28 16:11:22
773,50419-862,222,402,,2023-10-16 23:52:24,2023-12-01 18:32:27,2024-01-16 16:07:44
774,0555-0877,395,506,636,2024-02-21 18:53:00,2024-01-03 05:23:08,2023-06-07 17:19:41
775,55316-496,383,21,,2023-10-25 01:12:24,2023-08-26 21:54:24,2023-09-16 17:28:13
776,49260-615,89,173,148,2023-11-24 00:31:04,2024-01-25 09:51:12,2024-03-04 06:05:30
777,66993-416,211,396,526,2023-07-14 07:55:23,2023-07-21 16:41:20,2024-01-21 22:24:36
778,50112-514,142,367,,2023-06-06 20:40:12,2024-04-22 07:49:19,2023-08-18 18:50:05
779,42254-019,245,79,851,2023-12-09 03:57:05,2024-02-06 13:29:49,2024-03-09 10:39:18
780,0143-1771,319,678,167,2023-09-14 13:19:38,2024-01-06 17:29:36,2023-11-10 18:13:14
781,0268-0628,456,452,,2024-01-25 18:45:57,2023-08-29 19:38:08,2023-08-10 18:26:59
782,48951-2073,91,214,893,2023-06-17 09:42:02,2024-04-29 16:47:06,2023-11-11 19:59:22
783,50383-024,251,710,642,2024-01-19 02:16:56,2024-03-30 05:54:13,2023-10-08 21:05:25
784,76268-001,384,518,757,2023-11-21 05:37:19,2023-09-18 11:11:17,2023-09-11 04:11:33
785,65841-626,379,687,49,2024-05-06 08:41:27,2023-07-26 09:52:44,2023-08-01 22:11:18
786,76296-008,180,784,376,2024-02-18 01:13:28,2023-10-26 01:28:54,2023-12-27 08:27:46
787,59779-424,358,889,482,2023-06-06 12:12:46,2023-07-07 20:32:50,2023-08-10 15:38:30
788,43846-0025,230,929,,2024-04-13 07:40:19,2024-04-09 09:51:47,2023-10-23 02:32:24
789,76237-132,449,806,687,2023-11-05 20:05:29,2023-09-17 11:42:26,2023-09-30 01:47:46
790,60781-1001,203,647,,2024-03-18 04:18:34,2023-08-08 09:53:13,2024-02-26 15:49:33
791,51079-980,103,122,,2024-03-07 13:53:20,2023-06-14 02:17:47,2023-11-07 14:09:03
792,42254-073,162,900,902,2024-05-18 12:01:26,2023-12-21 08:35:41,2023-09-12 15:07:47
793,30142-308,274,671,,2024-01-19 18:10:37,2023-11-25 20:29:13,2023-09-10 12:20:58
794,65862-199,285,598,685,2023-11-06 12:13:16,2024-01-30 07:17:10,2024-02-20 17:28:10
795,0268-1235,367,366,62,2023-11-07 06:18:33,2023-09-05 17:11:10,2023-12-24 02:18:12
796,33261-336,214,611,,2023-07-14 18:42:52,2024-02-24 09:36:44,2023-11-11 22:25:50
797,41163-871,176,653,901,2023-09-03 03:02:21,2024-05-13 03:13:17,2024-02-07 21:29:52
798,21695-204,454,546,71,2023-09-09 01:33:32,2023-12-28 05:05:56,2023-06-18 12:16:47
799,63323-064,108,568,9,2024-05-14 10:16:08,2024-02-19 23:31:44,2023-08-21 11:27:36
800,0378-1550,212,22,289,2024-03-14 17:35:03,2023-12-08 20:42:53,2024-01-27 06:34:22
801,55312-063,284,833,331,2024-02-22 14:56:55,2023-09-22 07:31:48,2023-10-17 04:42:34
802,11084-127,242,338,224,2023-05-27 16:17:18,2023-10-03 20:53:33,2024-04-10 07:02:16
803,47593-491,62,849,464,2023-10-29 06:36:15,2024-04-05 07:02:46,2023-11-23 08:32:51
804,68647-206,231,185,,2023-11-09 09:24:07,2024-03-07 13:28:53,2023-11-22 12:53:10
805,55154-5438,79,496,821,2023-10-15 13:58:41,2024-01-26 21:54:10,2024-03-11 22:53:19
806,60505-0095,392,670,,2023-05-26 12:12:12,2024-01-08 21:37:37,2023-06-29 20:28:45
807,23155-220,100,620,902,2023-11-19 18:06:08,2023-07-14 23:25:16,2024-02-01 04:41:09
808,0093-0088,329,304,337,2023-09-28 05:27:46,2024-02-23 01:28:29,2023-07-14 06:42:56
809,36987-2414,72,641,,2023-09-17 00:33:36,2023-06-27 05:53:18,2024-01-14 08:21:12
810,43857-0213,227,23,692,2023-12-18 16:40:12,2024-01-22 09:18:03,2024-04-22 07:50:18
811,64536-6102,53,747,181,2024-03-22 22:30:56,2023-11-11 20:55:03,2023-09-09 06:32:22
812,51346-064,170,137,86,2023-11-03 15:35:02,2023-09-11 02:28:10,2024-02-01 20:04:46
813,16729-277,137,955,740,2023-07-23 03:41:10,2023-06-13 15:51:01,2023-08-10 17:05:56
814,0409-1176,292,955,706,2023-07-25 05:41:48,2024-05-18 13:57:11,2024-03-02 18:26:06
815,14051-221,394,549,477,2023-10-01 23:41:27,2023-11-06 02:10:28,2023-10-23 23:23:26
816,43269-774,459,277,,2023-06-21 16:21:07,2023-07-25 00:30:24,2024-02-23 16:14:08
817,55154-6961,356,181,516,2024-02-19 20:22:48,2023-08-09 19:26:31,2024-01-13 12:53:01
818,52125-602,165,867,,2024-04-23 21:47:40,2023-11-17 01:49:08,2023-09-01 22:38:10
819,0591-3170,167,432,,2024-03-25 14:54:23,2024-03-08 23:41:29,2023-12-30 10:26:19
820,0555-0882,314,660,19,2024-01-11 20:05:47,2023-10-15 10:56:43,2024-04-06 10:23:11
821,0268-0819,314,775,547,2023-06-26 08:04:45,2024-03-30 03:31:05,2023-07-09 22:49:53
822,0409-4887,226,284,879,2024-03-21 12:37:07,2024-02-18 20:50:52,2024-05-04 23:52:44
823,61699-4277,88,56,942,2024-03-06 06:39:18,2024-01-14 01:20:35,2023-12-18 05:23:26
824,0363-0244,144,966,,2023-06-05 13:44:18,2023-12-30 00:01:11,2023-05-24 22:00:53
825,62670-4780,207,981,116,2024-02-28 06:26:05,2023-08-24 13:36:28,2023-07-16 10:30:42
826,33261-816,461,400,,2023-08-06 01:18:00,2024-02-22 00:04:27,2023-10-13 00:20:17
827,58232-0639,500,998,842,2023-09-28 08:32:08,2023-07-19 10:18:03,2023-09-07 16:50:11
828,44118-800,398,249,,2023-05-21 15:03:20,2023-12-27 01:44:02,2023-12-30 16:42:55
829,36987-1734,457,461,159,2024-02-06 02:30:14,2023-08-08 00:04:47,2024-01-30 21:41:36
830,53217-018,293,28,674,2024-05-02 13:00:09,2024-01-02 22:07:04,2024-01-21 18:12:35
831,63629-3773,498,451,336,2024-01-05 17:21:21,2024-01-01 22:45:39,2023-11-01 01:07:05
832,0264-7663,91,103,217,2023-12-07 09:21:36,2023-06-30 07:44:47,2023-09-06 15:26:06
833,10370-214,479,874,339,2023-09-14 20:36:49,2023-08-25 07:53:47,2024-02-03 21:39:10
834,47682-303,106,125,537,2023-06-25 17:42:04,2023-10-29 15:23:56,2023-11-16 04:07:41
835,63824-722,262,975,297,2023-09-25 11:25:47,2024-01-02 15:03:30,2024-01-29 19:59:13
836,64942-1259,313,72,811,2023-06-20 05:05:56,2024-01-08 02:59:49,2024-04-15 08:01:52
837,13668-185,220,970,,2023-11-23 16:38:16,2023-06-18 02:00:43,2023-10-25 21:30:53
838,0641-6072,209,359,,2023-12-29 04:27:15,2023-09-24 01:53:03,2023-11-24 09:00:36
839,0603-4381,119,920,606,2024-01-01 11:11:31,2024-01-30 12:31:47,2023-12-11 09:15:38
840,64058-443,446,696,,2023-12-28 15:50:08,2023-09-02 16:55:01,2023-10-18 09:44:35
841,54868-6335,141,53,,2024-02-24 23:50:27,2023-05-27 06:22:37,2023-07-22 23:40:10
842,68788-9892,156,990,199,2023-10-01 06:46:14,2023-09-29 05:44:29,2023-10-19 10:55:39
843,49288-0705,456,23,,2024-02-27 01:47:58,2023-11-03 03:54:34,2023-12-19 16:59:16
844,43853-0010,83,504,640,2024-01-10 11:51:08,2023-07-29 12:09:20,2024-05-11 16:22:50
845,68479-130,134,974,,2023-07-15 06:57:02,2023-09-30 07:13:24,2024-03-31 10:36:55
846,68084-606,144,447,732,2023-09-26 01:50:20,2023-09-05 05:43:31,2024-04-01 05:10:09
847,41520-130,495,760,94,2024-03-06 05:20:07,2023-10-20 16:03:51,2023-12-03 15:23:11
848,33992-1061,83,223,333,2023-08-05 23:58:01,2023-10-23 13:04:51,2023-12-05 20:39:35
849,0049-0170,93,281,263,2024-03-25 01:43:05,2023-12-02 11:45:16,2024-02-02 11:27:25
850,52959-011,281,859,,2024-04-25 23:28:44,2023-07-04 14:59:52,2023-08-30 14:50:59
851,64725-5375,142,296,994,2024-03-25 20:55:16,2023-06-30 11:49:06,2023-10-16 01:18:00
852,60512-8032,500,530,,2023-10-01 03:37:10,2024-01-27 03:51:47,2024-02-18 19:28:02
853,11103-001,485,710,594,2023-05-25 01:08:01,2024-03-14 11:44:14,2024-04-12 10:43:46
854,0781-1966,151,70,323,2024-01-14 07:20:59,2024-02-13 05:43:47,2024-02-14 13:02:02
855,55289-870,410,728,,2024-03-12 10:15:00,2024-03-04 19:54:42,2024-03-06 18:36:36
856,58118-1303,490,493,960,2024-04-04 08:52:30,2023-09-28 10:26:00,2023-09-18 17:39:34
857,52544-163,452,220,217,2024-01-07 01:59:57,2024-03-30 08:23:34,2024-02-21 07:57:32
858,21695-961,70,282,428,2023-12-04 02:33:54,2023-08-14 22:25:35,2024-05-14 14:49:31
859,50436-0158,86,147,400,2023-11-17 17:00:01,2023-12-26 20:54:05,2023-08-20 15:51:17
860,62257-576,151,5,327,2024-03-28 16:25:13,2024-02-16 07:14:00,2024-01-07 06:27:27
861,0268-6657,341,652,940,2024-04-30 18:22:31,2023-05-26 13:24:17,2023-11-18 21:08:09
862,0179-8711,410,886,,2024-02-24 14:05:41,2024-03-10 06:19:48,2023-06-13 09:54:29
863,0268-1007,95,443,,2024-04-15 12:39:20,2023-07-02 08:47:29,2023-10-12 00:21:02
864,55714-2269,201,944,690,2023-12-03 04:35:22,2023-09-26 20:58:30,2023-06-25 13:07:57
865,68405-016,292,253,,2024-04-20 04:25:49,2024-03-27 11:35:51,2023-05-21 04:31:14
866,59137-550,299,739,,2023-06-24 09:39:27,2024-03-01 18:25:28,2023-08-07 19:48:23
867,0781-2067,170,872,734,2023-10-22 18:13:15,2023-06-11 19:58:48,2023-06-29 08:51:20
868,0363-0957,140,26,,2024-03-18 22:38:42,2024-02-26 02:20:36,2024-05-02 19:42:46
869,41250-042,351,135,141,2024-03-19 02:30:10,2023-12-14 14:03:44,2023-10-01 00:17:01
870,49999-588,188,864,,2023-10-05 08:01:39,2024-03-01 14:38:52,2024-03-04 21:43:31
871,16590-232,58,75,,2024-03-10 01:27:58,2024-03-07 18:31:23,2024-04-01 23:53:34
872,59900-112,268,622,,2023-11-25 18:36:09,2023-10-13 10:08:28,2024-03-30 01:17:40
873,55513-126,206,646,577,2024-05-13 11:01:57,2023-12-10 13:25:04,2023-08-28 23:17:59
874,76237-251,309,717,816,2024-02-20 17:05:55,2024-01-27 09:14:19,2023-07-16 21:21:10
875,41250-946,113,705,565,2023-10-07 07:13:01,2023-10-27 21:07:47,2023-11-28 20:32:50
876,61957-0201,492,962,988,2023-12-02 19:28:35,2023-07-19 04:03:19,2024-03-06 21:56:01
877,68345-883,163,527,836,2024-03-15 10:18:13,2023-08-04 06:23:19,2023-12-03 05:58:40
878,53208-410,214,93,,2024-03-22 05:43:14,2023-10-29 05:31:20,2024-03-04 17:18:10
879,34666-061,155,358,,2023-06-08 04:40:45,2023-09-16 17:08:07,2023-09-05 02:48:35
880,58232-0044,480,387,,2023-10-21 18:34:17,2024-02-21 21:29:16,2024-01-14 00:11:26
881,13537-432,303,164,757,2023-07-13 16:08:56,2024-04-17 09:19:27,2023-09-22 22:26:59
882,10202-130,166,130,,2023-12-18 02:56:26,2023-07-17 20:34:40,2023-07-28 16:03:31
883,36987-1990,123,943,,2024-04-24 01:38:40,2024-02-22 16:20:47,2023-09-09 21:05:23
884,63941-159,322,743,234,2024-03-04 05:17:14,2023-10-02 04:13:34,2023-07-23 05:03:57
885,51672-4111,485,496,542,2023-08-18 11:28:30,2023-11-02 21:14:38,2023-05-29 23:41:38
886,42584-1001,454,476,149,2024-03-12 05:15:42,2024-02-23 07:57:22,2023-12-10 03:59:50
887,55154-4036,341,786,604,2024-05-07 02:31:05,2023-07-11 08:00:57,2023-12-28 01:46:08
888,53807-502,174,622,611,2023-06-16 18:15:12,2023-11-20 08:20:00,2024-02-18 07:55:10
889,58177-312,166,621,,2023-10-12 14:02:06,2023-08-21 04:40:23,2023-09-19 00:23:56
890,60758-910,107,626,,2023-10-15 08:59:57,2023-12-07 22:55:34,2023-07-24 11:16:28
891,54973-1130,487,273,661,2023-07-27 06:00:44,2023-08-06 10:12:57,2024-02-02 08:21:24
892,43857-0188,391,215,479,2023-08-08 14:40:25,2024-03-08 03:16:39,2023-08-21 03:38:08
893,49349-577,235,581,498,2024-01-28 01:47:25,2023-07-12 22:04:18,2024-02-15 16:16:29
894,67046-980,444,466,18,2024-01-27 18:13:06,2023-09-13 19:03:17,2023-12-16 17:08:24
895,10544-602,194,86,,2023-07-01 07:59:49,2023-12-17 11:17:24,2023-12-23 12:21:38
896,55289-765,220,483,,2023-09-12 07:52:45,2023-11-12 06:38:18,2023-08-05 16:57:16
897,63323-064,242,869,,2024-03-16 02:28:41,2023-12-05 10:51:34,2023-07-10 20:35:55
898,0924-1806,228,814,,2024-03-28 08:08:48,2024-03-19 10:59:01,2024-03-25 23:48:39
899,54569-0347,140,777,465,2024-02-24 11:39:27,2024-05-01 20:22:33,2024-03-30 00:19:18
900,58118-0322,427,521,909,2023-09-10 10:14:15,2023-12-07 04:54:22,2023-06-16 20:50:23
901,52125-734,456,610,,2024-04-02 06:26:58,2023-10-30 18:54:44,2023-05-27 22:56:48
902,53808-0870,82,374,379,2023-12-15 22:28:37,2023-11-04 13:26:16,2024-05-09 06:12:57
903,48102-008,367,192,,2024-01-09 15:34:09,2024-03-23 12:22:50,2023-05-21 10:31:00
904,11716-0041,191,161,655,2024-05-19 14:33:46,2023-12-09 02:43:09,2023-12-22 05:28:49
905,49035-328,71,466,,2023-07-04 15:44:30,2023-10-18 14:32:58,2023-12-21 08:04:13
906,35356-669,379,720,,2023-09-28 05:48:01,2024-02-15 12:59:48,2024-02-03 22:45:18
907,59779-114,444,80,,2023-07-02 18:48:58,2023-11-08 11:50:56,2023-06-09 12:34:26
908,42494-119,175,164,178,2023-06-29 06:46:44,2023-09-20 02:47:19,2024-02-17 14:08:22
909,36987-2766,286,153,,2024-01-07 20:09:18,2023-12-23 10:51:42,2023-06-18 08:40:14
910,47335-150,315,726,,2023-07-27 04:41:30,2023-10-24 10:13:36,2023-12-30 05:18:08
911,52685-458,414,983,,2023-11-25 20:29:26,2023-06-12 18:50:29,2024-01-10 07:48:24
912,49035-397,457,376,592,2023-05-29 04:22:34,2023-12-28 09:19:41,2023-07-01 08:38:40
913,55154-5033,468,489,91,2024-03-05 21:32:27,2023-07-31 12:58:49,2024-01-16 04:23:33
914,10812-456,213,152,,2024-05-04 03:14:37,2023-09-26 19:22:53,2023-10-16 14:24:19
915,65044-3362,487,724,722,2023-10-24 16:32:22,2023-10-22 07:48:53,2024-03-23 06:01:45
916,0268-0896,151,744,,2024-01-15 03:03:42,2023-08-08 20:15:49,2023-10-14 21:03:05
917,41250-130,126,219,267,2024-03-13 04:47:32,2023-07-17 03:07:05,2023-10-04 07:05:35
918,52125-286,210,304,629,2023-11-19 00:33:13,2024-02-29 13:03:04,2023-07-30 13:07:35
919,11822-6280,297,312,735,2023-06-29 19:02:09,2024-02-06 03:59:32,2023-08-01 06:49:41
920,62802-116,201,929,773,2023-10-22 14:57:34,2024-03-13 04:55:54,2023-08-04 12:26:53
921,41250-371,108,513,,2023-08-09 17:09:48,2024-01-14 14:36:08,2023-09-04 06:07:32
922,51808-201,387,589,222,2023-06-24 03:57:36,2023-11-05 04:55:48,2023-07-22 00:18:58
923,64159-6010,369,12,977,2023-10-27 17:57:32,2023-07-05 14:16:44,2024-03-21 14:04:50
924,51079-632,283,414,178,2024-01-08 15:09:21,2023-08-25 22:05:20,2023-08-14 03:09:40
925,16571-412,278,638,154,2023-11-30 01:30:05,2023-11-25 20:58:57,2023-08-28 16:44:02
926,42002-427,262,1,241,2024-01-13 20:28:45,2024-01-02 01:34:01,2024-01-02 17:05:24
927,55312-227,141,757,716,2023-09-08 11:13:25,2024-01-20 10:12:52,2023-08-11 03:08:31
928,49738-699,86,942,699,2023-06-21 05:01:12,2023-11-21 02:02:53,2023-10-01 08:33:00
929,61957-1601,449,956,853,2024-03-20 05:12:17,2023-08-06 13:39:00,2023-10-31 11:52:13
930,10096-7817,82,841,882,2023-08-01 22:30:22,2023-12-04 15:17:28,2023-07-03 18:05:21
931,61570-079,71,703,,2023-12-14 11:42:20,2023-07-22 17:16:28,2024-01-02 18:24:28
932,0069-3230,233,339,,2023-05-27 11:22:25,2023-07-20 16:24:08,2023-09-19 07:22:14
933,50021-241,345,801,41,2023-05-28 20:54:44,2024-02-14 00:23:28,2024-05-02 07:23:59
934,58048-0001,402,742,446,2024-03-15 12:09:36,2023-11-08 21:22:53,2024-02-09 03:38:53
935,41163-418,133,914,745,2023-08-03 12:01:44,2024-04-23 14:05:05,2023-06-10 11:06:07
936,49288-0348,198,937,91,2024-02-03 01:37:06,2024-02-24 00:10:41,2023-11-02 16:58:28
937,0338-3580,66,433,862,2023-06-15 11:20:14,2023-11-27 16:50:28,2023-09-15 17:17:45
938,41163-922,60,763,839,2023-06-07 20:05:10,2023-07-30 02:20:08,2023-10-26 10:23:21
939,51069-0001,433,91,4,2024-03-03 13:46:27,2024-03-28 11:29:50,2023-09-28 17:19:43
940,29500-0864,86,594,740,2024-02-03 18:15:06,2023-11-14 07:16:30,2023-09-01 00:35:20
941,66689-810,408,690,927,2024-02-24 09:58:50,2023-12-09 11:37:02,2024-01-24 07:05:34
942,63629-4492,119,589,162,2024-01-28 13:29:49,2023-10-23 15:06:41,2024-03-22 07:45:18
943,41520-074,422,337,451,2023-05-23 12:13:47,2023-09-29 15:40:08,2024-01-04 09:18:37
944,55319-014,90,593,85,2023-10-24 12:53:45,2023-11-19 07:45:12,2023-06-06 08:11:41
945,57520-0931,134,629,,2023-09-08 07:35:06,2023-06-02 09:10:02,2023-12-30 22:01:32
946,0338-6304,389,771,64,2024-01-12 09:15:16,2023-08-26 20:44:32,2024-02-17 14:38:24
947,34690-6001,75,799,835,2023-09-09 05:30:34,2024-03-01 21:02:39,2024-02-14 07:20:22
948,0031-8692,272,812,739,2024-04-13 06:27:53,2023-12-28 15:16:35,2023-07-27 18:09:45
949,67938-1172,389,515,,2023-08-30 14:26:17,2023-09-27 11:54:19,2024-02-28 00:56:57
950,52685-371,144,70,756,2024-05-16 22:05:18,2023-08-10 18:33:36,2024-03-10 14:43:12
951,0013-2658,452,603,14,2023-12-05 16:11:36,2023-08-20 15:04:52,2023-07-18 00:30:11
952,50405-004,481,583,,2024-01-08 19:48:34,2023-08-27 22:57:52,2024-05-10 20:23:23
953,10356-351,130,563,3,2024-05-19 16:13:35,2023-10-14 19:19:06,2023-08-11 21:47:01
954,63323-599,415,734,,2024-03-10 18:09:19,2023-09-30 21:35:05,2023-06-10 18:07:26
955,62040-2001,133,320,,2023-08-20 10:31:18,2024-04-13 16:54:00,2024-05-08 05:21:41
956,63824-344,436,265,74,2024-04-12 18:25:17,2024-05-17 13:23:19,2024-01-24 22:43:56
957,36987-1252,384,861,,2024-01-21 08:46:53,2023-11-26 05:55:45,2023-07-11 02:32:58
958,10956-618,370,140,261,2024-02-01 20:15:36,2023-09-24 15:09:17,2023-06-04 09:40:50
959,62756-352,107,958,770,2023-06-30 11:29:03,2023-10-13 20:48:47,2023-10-19 21:50:34
960,49349-445,295,216,522,2023-10-22 19:58:00,2023-12-22 14:46:43,2023-06-01 02:20:41
961,41520-854,178,777,,2024-02-02 23:53:47,2024-01-05 01:46:37,2023-10-19 00:55:27
962,0065-9240,315,318,677,2023-05-27 06:07:58,2023-08-08 23:50:15,2023-06-23 13:07:49
963,54575-193,315,594,,2023-12-25 07:40:49,2024-02-04 13:00:33,2024-03-08 04:10:50
964,53645-1350,50,328,792,2024-01-22 23:38:02,2023-08-23 04:52:14,2024-02-07 16:02:09
965,66184-135,91,794,946,2023-07-16 04:02:12,2023-07-21 13:26:48,2023-11-28 14:05:31
966,35356-748,98,489,652,2024-01-06 22:25:49,2024-01-13 04:31:50,2023-11-08 10:17:26
967,49884-930,381,685,489,2023-08-14 08:41:32,2024-01-07 19:24:02,2023-12-31 19:10:37
968,68645-449,74,350,394,2024-02-04 04:54:18,2023-10-01 14:04:47,2024-02-01 17:54:36
969,50809-001,339,789,,2023-07-25 06:33:43,2024-04-23 16:42:20,2023-09-15 05:28:49
970,55648-925,337,746,100,2024-02-08 12:44:34,2024-02-09 13:00:19,2024-03-23 13:55:03
971,51769-105,406,188,499,2023-09-29 18:21:32,2023-09-21 15:00:21,2024-01-13 21:29:04
972,43498-301,167,831,273,2024-04-08 14:50:32,2024-05-16 04:33:36,2024-04-14 23:19:46
973,43846-0037,106,185,212,2024-02-21 06:27:26,2023-12-05 16:11:45,2023-05-30 07:04:44
974,51991-073,487,986,779,2023-07-21 23:01:25,2024-05-13 02:00:33,2023-06-06 23:39:20
975,0575-6200,151,234,,2024-04-29 06:09:02,2023-11-12 10:34:33,2023-06-21 04:01:22
976,49035-519,297,828,668,2023-12-28 09:25:05,2024-05-18 05:15:58,2023-08-31 05:33:59
977,55714-4427,307,310,640,2024-01-22 03:00:40,2023-12-09 00:37:41,2024-03-08 01:06:51
978,60760-512,315,584,,2024-04-19 19:00:08,2023-12-24 04:38:23,2024-01-04 12:35:34
979,63029-433,380,115,,2024-04-21 11:17:48,2023-09-04 16:19:40,2023-09-30 20:02:55
980,0603-2109,402,22,288,2023-12-29 14:01:42,2023-11-01 06:41:29,2024-04-25 21:23:10
981,0009-0271,251,187,,2024-03-19 20:21:35,2023-11-18 12:39:33,2023-11-06 00:50:23
982,36800-318,103,676,621,2023-08-19 11:26:35,2023-12-30 10:23:43,2024-03-11 12:07:33
983,50458-605,261,636,,2024-05-16 10:35:30,2023-07-24 11:14:03,2024-03-19 15:36:47
984,49288-0059,467,485,7,2023-07-19 02:21:04,2023-09-15 17:19:06,2024-01-21 16:31:55
985,0641-6018,492,390,148,2024-04-26 23:53:24,2023-11-19 06:11:23,2024-04-20 11:57:58
986,57664-245,280,495,,2023-07-12 01:45:53,2024-01-22 08:23:44,2024-05-05 03:49:30
987,63304-479,435,800,55,2023-08-11 20:20:47,2023-06-05 05:00:16,2024-03-26 04:22:31
988,43742-0092,350,11,384,2024-03-05 10:14:01,2023-06-04 23:01:09,2023-11-06 06:21:05
989,67692-470,398,445,397,2024-03-21 11:07:48,2023-09-15 07:59:22,2024-02-16 09:17:45
990,51672-2080,451,152,,2024-01-30 06:56:28,2023-10-02 02:47:16,2023-07-21 19:24:17
991,64205-357,387,800,436,2023-12-03 23:30:12,2024-03-13 09:59:36,2024-03-09 21:25:34
992,13734-104,198,751,799,2023-05-28 21:14:16,2023-08-20 00:09:27,2023-06-10 13:08:29
993,49349-542,262,947,333,2024-05-20 03:00:10,2023-11-03 23:17:25,2023-06-01 09:19:05
994,31382-753,469,55,516,2023-12-05 23:17:48,2023-06-04 09:23:39,2023-08-17 13:51:52
995,0904-5992,97,828,619,2023-09-04 13:22:16,2024-03-29 06:09:39,2024-05-12 12:25:33
996,48951-8130,168,71,,2023-08-26 04:25:54,2023-12-12 08:10:41,2024-04-12 05:43:48
997,55316-479,52,15,568,2024-03-12 01:31:54,2024-02-11 23:34:57,2024-03-26 17:03:36
998,67544-725,86,62,830,2023-08-03 03:40:18,2023-07-15 05:46:31,2023-11-06 19:50:58
999,25021-816,356,290,24,2024-01-24 16:54:01,2024-05-20 23:57:58,2024-02-11 22:18:14
1000,69003-412,481,833,,2024-01-03 18:00:54,2023-09-07 16:25:45,2023-07-09 04:47:04
