id,user_id,game_id,discount_id,amount,create_date
1,715,151,,1362,2024-03-08 23:19:25
2,442,505,702,2840,2023-09-07 13:32:38
3,820,692,404,3731,2024-02-03 10:19:59
4,957,650,107,4001,2023-08-25 04:11:07
5,301,394,660,583,2023-12-31 23:50:08
6,904,710,,597,2023-10-24 04:23:32
7,666,445,,1097,2023-12-21 17:08:32
8,355,515,243,2643,2024-04-18 17:32:57
9,95,336,776,1027,2023-12-28 02:20:06
10,934,452,,3694,2023-07-03 08:35:45
11,982,264,402,1407,2024-02-06 01:15:43
12,736,599,454,549,2023-05-30 05:12:51
13,253,568,629,4262,2023-06-21 13:38:26
14,259,894,914,459,2023-09-03 02:45:47
15,364,395,,449,2024-03-19 18:00:54
16,212,461,975,3123,2023-10-11 06:03:59
17,354,514,607,1102,2024-02-02 16:17:03
18,722,808,655,3473,2023-10-30 18:42:19
19,358,617,752,1907,2023-11-13 11:51:54
20,2,879,,4965,2024-01-31 08:16:01
21,612,345,964,3707,2024-02-02 12:09:56
22,189,773,464,1236,2023-07-20 05:36:25
23,934,710,383,3169,2023-09-07 05:06:23
24,459,153,900,818,2023-11-06 05:51:16
25,251,565,93,1867,2024-03-24 15:09:34
26,545,175,998,2029,2024-04-22 07:52:17
27,436,598,34,2077,2024-05-16 06:26:27
28,766,715,,1305,2023-10-22 20:11:50
29,394,557,97,4542,2023-11-17 03:28:27
30,91,72,132,4063,2024-03-09 11:08:59
31,389,245,,703,2024-02-21 06:28:25
32,736,982,90,685,2024-03-13 02:20:58
33,85,105,,4220,2024-04-15 07:35:27
34,628,108,273,728,2023-07-14 07:36:02
35,817,31,,2835,2024-04-15 15:22:22
36,840,671,12,2284,2023-11-04 22:17:53
37,620,225,975,1374,2023-10-26 03:29:54
38,602,974,,4618,2024-04-26 19:18:08
39,742,158,272,3323,2023-09-14 13:01:34
40,588,62,592,1215,2024-01-31 11:48:30
41,592,778,82,1891,2023-11-16 13:15:48
42,448,675,609,2835,2024-05-17 15:39:21
43,189,562,775,1453,2023-10-01 10:13:17
44,162,811,,4135,2024-03-19 03:44:46
45,151,591,588,1917,2023-12-18 06:43:04
46,345,194,609,4733,2023-11-14 02:30:02
47,376,490,43,2807,2023-06-15 01:34:51
48,701,885,890,3280,2023-11-07 04:24:21
49,119,266,,3312,2023-11-04 06:42:59
50,588,442,983,2537,2023-08-29 10:49:16
51,50,418,,2300,2023-06-04 13:01:24
52,583,47,,2559,2023-10-14 06:54:13
53,832,277,396,4679,2023-05-28 09:19:49
54,525,980,738,3000,2023-10-12 12:51:21
55,636,280,104,4398,2023-09-20 09:53:12
56,114,731,,4063,2024-02-08 01:49:05
57,639,874,,4605,2023-11-18 11:38:21
58,136,138,444,2700,2024-02-10 12:02:44
59,823,336,,2285,2024-03-12 15:41:46
60,715,523,389,3189,2024-02-26 13:02:23
61,939,932,899,3828,2024-04-30 23:02:34
62,194,156,266,493,2024-04-14 09:04:41
63,461,473,754,169,2024-04-07 23:14:46
64,225,996,,3809,2024-02-25 02:49:06
65,154,90,590,2224,2023-12-29 18:05:45
66,720,629,708,1540,2023-11-21 12:05:17
67,556,453,363,1383,2023-12-30 07:09:37
68,729,18,333,4592,2024-04-09 19:07:26
69,241,791,606,2829,2023-06-05 16:12:14
70,930,307,129,2694,2024-01-12 01:31:50
71,84,31,,3403,2023-09-29 07:44:36
72,54,63,180,1780,2024-02-08 08:07:15
73,392,526,,1156,2024-04-28 17:12:03
74,599,1,542,913,2023-08-18 14:20:20
75,725,546,893,1470,2023-08-24 13:47:34
76,667,300,,1540,2023-07-20 08:31:16
77,817,771,708,3122,2023-12-17 19:51:17
78,699,796,907,1375,2024-04-22 00:57:17
79,593,729,373,1580,2023-09-16 03:20:13
80,84,843,750,4009,2023-09-19 11:36:47
81,714,199,,468,2024-03-06 16:07:14
82,636,916,,2419,2023-07-17 06:08:54
83,486,954,295,4466,2023-06-16 00:32:37
84,33,555,,3488,2023-07-04 22:13:03
85,539,721,988,3119,2023-12-16 23:01:46
86,901,571,943,820,2024-02-03 05:51:11
87,485,241,548,184,2023-08-01 22:05:08
88,746,565,409,685,2024-05-06 10:17:44
89,209,482,622,1956,2024-01-18 19:20:22
90,26,857,879,4118,2023-05-27 13:21:03
91,444,805,,693,2023-06-21 03:27:01
92,829,322,,1021,2023-11-25 13:57:23
93,559,71,,1988,2023-08-25 12:07:43
94,158,319,140,3608,2023-08-10 08:02:25
95,720,125,809,661,2023-11-24 02:17:34
96,730,79,259,1261,2023-05-28 11:28:17
97,406,999,75,4415,2023-12-28 19:22:20
98,80,786,940,1979,2023-12-10 16:43:59
99,626,526,105,1685,2024-03-16 11:16:01
100,508,631,108,1977,2023-07-13 12:20:55
101,511,473,449,3235,2023-10-01 17:30:26
102,217,886,745,3088,2024-04-11 18:00:28
103,165,756,251,1861,2023-12-15 04:36:03
104,298,980,,1191,2024-04-15 18:17:04
105,469,142,247,3662,2024-05-19 22:39:40
106,358,918,193,2802,2023-09-02 22:46:56
107,965,48,451,4005,2023-12-21 05:06:21
108,156,678,568,3903,2023-11-11 23:06:03
109,215,29,,2373,2024-05-09 14:02:08
110,967,266,,2073,2023-12-16 02:16:23
111,207,46,640,1662,2024-01-06 02:08:17
112,471,207,433,4570,2024-05-14 05:52:05
113,31,830,927,2086,2024-01-11 15:37:26
114,342,738,,676,2023-11-05 02:01:27
115,100,988,416,2863,2023-08-01 11:34:09
116,731,369,,929,2024-01-18 03:47:10
117,424,324,,4792,2023-05-31 23:04:20
118,63,697,,4389,2023-06-03 16:22:04
119,829,831,204,3963,2023-09-26 20:55:19
120,335,201,642,1548,2023-08-11 22:29:55
121,581,485,,741,2023-06-11 06:06:14
122,30,532,949,1416,2023-10-06 12:58:15
123,529,458,,931,2023-09-10 22:44:37
124,608,937,488,1365,2023-12-05 07:30:52
125,773,452,946,3268,2023-09-15 04:33:29
126,291,593,899,2834,2024-01-28 13:08:10
127,142,227,,3898,2024-04-28 09:03:04
128,11,734,498,3683,2024-04-26 05:02:56
129,845,831,758,880,2024-05-08 14:15:39
130,297,174,57,4982,2024-02-12 15:25:13
131,394,977,,3146,2023-09-17 04:42:58
132,832,863,990,102,2023-09-20 18:44:34
133,857,217,984,3043,2024-02-05 16:03:59
134,116,846,,779,2023-12-15 04:39:53
135,878,126,783,4009,2024-05-02 04:25:34
136,695,982,680,4114,2023-07-31 15:27:08
137,243,17,,1888,2024-03-09 16:03:27
138,380,40,845,1529,2023-11-09 11:42:35
139,679,42,545,3881,2024-01-01 17:43:46
140,183,406,329,2867,2023-06-09 21:43:36
141,664,106,,3557,2023-11-19 18:45:49
142,834,26,713,400,2023-08-31 09:34:09
143,399,889,232,4299,2023-05-27 05:56:58
144,10,423,,3505,2023-11-01 19:53:18
145,81,260,953,2157,2023-10-19 10:59:40
146,294,207,,3192,2024-03-05 23:19:27
147,153,615,,606,2023-09-21 03:40:53
148,91,254,812,3394,2023-09-27 02:14:12
149,471,894,954,3852,2023-09-21 04:28:09
150,19,806,597,254,2023-12-09 10:13:24
151,347,71,452,1689,2023-12-31 13:22:42
152,495,632,,4830,2023-09-30 12:22:27
153,503,748,926,2963,2023-12-17 18:56:06
154,314,451,788,2069,2024-03-12 17:14:52
155,795,276,435,4090,2023-08-17 22:26:16
156,796,618,,4742,2024-02-22 18:10:35
157,850,842,944,1000,2023-09-13 15:26:27
158,207,748,,4210,2024-02-27 23:10:05
159,61,420,346,3749,2024-03-28 08:48:44
160,410,609,,1605,2023-05-29 12:49:59
161,501,398,456,1603,2024-04-20 10:44:44
162,108,123,604,830,2023-10-20 06:03:13
163,240,394,822,3246,2024-02-03 06:49:32
164,927,462,689,4289,2024-04-21 22:55:15
165,461,975,591,3947,2024-04-07 15:46:26
166,603,662,,268,2023-10-05 09:07:58
167,183,228,,1205,2024-01-09 14:41:34
168,161,678,267,3014,2023-07-31 08:44:59
169,800,229,900,3409,2024-04-13 16:21:29
170,289,182,73,3200,2023-12-09 06:12:00
171,322,64,443,609,2023-11-21 22:31:18
172,560,995,538,2700,2023-12-07 15:05:48
173,799,457,807,2285,2023-10-07 14:25:52
174,139,501,921,2544,2023-08-28 23:13:28
175,175,111,864,221,2023-05-27 12:38:07
176,491,345,486,2845,2024-03-19 14:21:30
177,968,110,,416,2023-07-26 02:07:04
178,131,470,,4244,2023-11-27 01:36:59
179,777,353,934,4383,2023-11-15 08:26:02
180,214,132,339,3885,2024-04-28 02:41:50
181,128,715,,4091,2024-04-13 01:04:00
182,26,281,289,4421,2023-08-08 12:32:08
183,370,609,648,525,2023-08-01 17:42:30
184,168,97,542,4988,2023-08-08 14:29:07
185,343,646,474,3894,2023-07-01 00:24:21
186,682,90,,4418,2023-09-21 05:09:47
187,124,370,891,403,2024-02-14 03:31:25
188,902,945,448,1187,2024-05-17 23:12:35
189,953,5,,1478,2024-02-26 06:10:21
190,860,894,162,2654,2023-06-20 15:34:58
191,248,58,24,198,2023-09-18 09:09:29
192,217,264,648,2294,2023-09-11 17:52:31
193,384,603,,1660,2023-09-30 04:17:12
194,757,251,352,4975,2024-04-14 06:19:54
195,861,196,376,817,2023-05-25 10:53:08
196,365,213,604,4991,2023-12-25 12:53:26
197,922,1,,3306,2024-02-14 05:59:30
198,608,238,819,4736,2024-02-09 01:32:14
199,391,854,608,1457,2023-10-19 07:08:04
200,554,429,877,1271,2024-03-24 14:36:46
201,446,556,,431,2023-11-02 00:23:32
202,1,250,,4397,2023-09-16 05:04:40
203,638,266,681,2956,2024-03-14 19:49:09
204,204,332,936,1799,2023-10-31 15:29:38
205,915,711,,3788,2023-08-04 06:34:16
206,580,912,137,545,2023-09-19 04:59:44
207,419,705,930,2654,2023-08-04 10:35:29
208,466,931,946,1276,2024-03-09 17:40:28
209,871,911,786,3693,2023-12-10 17:46:51
210,174,994,183,854,2023-11-25 12:17:44
211,911,483,485,4904,2024-01-30 13:21:49
212,689,850,166,3259,2024-01-29 18:04:43
213,984,606,37,4951,2023-11-15 10:42:23
214,289,72,311,2734,2024-03-16 08:10:24
215,462,153,989,3748,2023-07-04 09:49:16
216,639,911,404,1176,2024-05-16 06:52:14
217,9,797,920,261,2024-04-10 00:56:58
218,436,993,410,1081,2024-05-17 06:20:54
219,200,500,,4685,2023-05-21 19:36:34
220,401,565,149,4320,2023-12-02 20:16:36
221,586,54,980,1472,2023-12-19 22:07:17
222,911,458,623,1942,2024-03-31 06:54:16
223,523,85,,4519,2023-06-07 22:53:26
224,250,885,,2609,2024-05-02 22:35:38
225,470,22,,2181,2024-01-17 12:45:08
226,252,505,84,3191,2024-03-17 14:17:29
227,59,357,,3839,2023-10-21 10:57:51
228,132,630,380,4787,2023-07-27 03:29:34
229,556,582,,585,2024-03-04 19:25:28
230,597,412,863,3951,2023-07-09 11:43:14
231,699,497,851,3636,2024-02-27 22:43:50
232,849,492,,2171,2023-11-19 14:15:07
233,289,100,,300,2023-07-11 21:13:22
234,470,29,234,3900,2024-01-04 01:17:01
235,881,685,469,2601,2023-10-04 05:32:41
236,640,616,254,528,2024-04-30 14:34:43
237,536,307,,854,2024-01-06 20:26:51
238,81,720,,2548,2023-07-24 23:24:05
239,239,209,,1402,2023-09-26 09:12:01
240,579,83,737,2246,2023-12-06 06:26:19
241,885,338,587,2804,2023-12-04 23:24:09
242,135,100,265,3465,2024-05-13 07:41:55
243,166,651,,4336,2024-02-06 23:55:31
244,303,495,259,4271,2023-12-13 06:14:56
245,906,447,128,588,2024-03-20 03:17:41
246,941,850,164,680,2024-01-04 19:30:29
247,674,911,680,1448,2023-10-25 04:10:01
248,760,466,860,207,2024-03-26 07:59:21
249,916,806,206,3875,2023-09-26 05:08:25
250,647,42,,1488,2023-08-05 06:46:53
251,524,352,,3520,2024-04-12 09:36:12
252,981,280,163,2155,2024-04-23 15:40:03
253,886,643,2,605,2024-05-09 12:45:38
254,914,491,51,1735,2023-09-26 13:56:38
255,773,540,143,4302,2024-01-28 07:28:07
256,617,292,200,2348,2023-09-24 19:26:42
257,346,690,,651,2023-10-29 18:35:04
258,503,89,,1952,2024-05-08 20:45:45
259,769,749,150,4302,2024-03-28 22:42:38
260,271,60,192,4392,2023-12-27 12:19:20
261,568,677,808,373,2024-04-26 10:57:57
262,431,506,,2288,2023-08-10 14:12:57
263,231,52,,990,2023-11-10 18:49:27
264,725,9,,4547,2023-07-05 17:39:43
265,873,721,,3484,2023-11-20 11:25:45
266,497,771,,2997,2023-06-16 01:11:11
267,874,186,,3109,2023-10-20 01:29:34
268,342,27,,1207,2024-03-19 11:18:15
269,545,630,653,3943,2023-09-23 17:36:10
270,872,626,413,2260,2023-08-31 06:53:30
271,231,842,,4664,2024-02-12 19:08:35
272,319,412,951,2164,2024-04-14 09:28:17
273,158,179,,1250,2023-09-06 10:27:15
274,493,579,213,2534,2024-02-07 07:34:03
275,315,203,147,4157,2023-06-17 21:09:35
276,323,848,411,1152,2024-05-12 21:10:36
277,822,512,334,3920,2023-12-09 12:39:33
278,939,145,752,323,2023-08-29 20:38:17
279,381,545,,1246,2023-10-04 19:46:47
280,939,679,,4157,2023-07-19 23:58:50
281,174,160,695,2595,2023-08-07 21:40:45
282,847,501,518,2107,2023-11-24 18:54:48
283,49,121,195,1427,2023-08-04 10:42:32
284,23,308,792,4894,2024-01-22 19:07:26
285,265,876,51,3809,2023-08-10 15:21:11
286,545,261,,4263,2023-11-04 12:36:06
287,796,131,591,2938,2023-12-30 07:00:50
288,903,962,359,2297,2024-03-24 21:37:53
289,316,987,640,3722,2024-04-22 04:07:59
290,601,534,645,4652,2023-12-17 20:51:08
291,705,727,,1175,2023-06-09 20:22:00
292,859,923,575,932,2023-11-16 14:28:46
293,825,790,127,3926,2024-01-27 15:30:00
294,860,656,611,4257,2023-06-13 20:05:11
295,132,36,136,3047,2024-05-14 05:04:19
296,472,237,725,1225,2023-09-11 18:52:54
297,513,897,718,1505,2024-04-09 12:23:53
298,235,833,373,1714,2024-01-26 13:47:34
299,747,307,675,2763,2023-11-10 01:18:26
300,713,751,271,2681,2023-11-07 17:40:20
301,749,92,278,2640,2024-05-16 13:04:31
302,669,331,20,4356,2023-06-30 23:31:36
303,510,354,,4020,2023-12-01 12:16:03
304,699,822,,3170,2023-12-14 23:50:55
305,604,356,135,574,2024-03-19 01:18:44
306,107,736,610,3431,2024-04-26 01:39:53
307,453,448,806,3053,2024-04-21 09:20:50
308,285,647,132,4873,2024-03-31 23:07:37
309,763,34,,3846,2024-03-01 01:29:44
310,496,275,698,2562,2024-01-26 03:17:09
311,584,687,45,2857,2024-04-02 05:45:26
312,877,428,972,3629,2023-08-10 08:31:29
313,18,287,637,375,2023-06-29 14:12:07
314,242,244,981,2863,2023-05-23 17:10:17
315,187,412,,1366,2023-08-29 18:07:49
316,581,508,438,373,2024-03-18 12:13:23
317,429,685,,816,2024-02-06 08:02:48
318,521,149,971,3111,2023-10-09 17:56:21
319,124,617,361,4938,2023-09-15 14:09:58
320,829,147,44,4957,2023-12-06 01:26:29
321,991,359,398,2179,2023-08-21 02:42:22
322,634,431,926,3837,2024-05-16 23:40:00
323,96,599,595,985,2023-06-25 08:34:15
324,24,8,850,851,2023-10-28 07:47:50
325,223,65,644,1115,2024-05-20 14:43:33
326,950,626,702,4383,2023-07-22 04:18:37
327,828,714,,857,2024-03-29 04:40:25
328,308,628,843,3461,2023-12-17 10:57:16
329,445,508,370,2228,2023-05-25 21:46:54
330,436,223,,3878,2023-08-07 21:03:13
331,371,493,278,1198,2023-06-12 18:06:37
332,537,200,200,3198,2023-12-21 19:45:23
333,246,546,,2266,2023-10-02 00:56:55
334,377,729,,3043,2024-04-28 16:23:06
335,747,349,968,3321,2024-03-19 04:29:11
336,7,558,825,411,2024-01-08 04:42:00
337,899,414,357,4595,2024-03-28 01:20:12
338,60,493,,3438,2024-04-04 00:40:48
339,349,436,,4426,2024-03-14 00:15:06
340,932,424,,3179,2023-09-14 06:39:52
341,331,533,708,2044,2023-06-27 16:26:30
342,521,557,251,707,2024-02-23 16:30:02
343,768,752,449,1142,2023-09-03 12:08:53
344,863,615,210,3722,2024-04-17 01:20:49
345,683,419,783,3491,2024-04-08 20:35:59
346,205,683,,380,2023-11-24 08:23:40
347,24,92,556,4113,2023-10-23 18:05:20
348,325,587,292,3061,2023-06-12 07:07:49
349,69,839,117,321,2023-09-08 06:39:48
350,187,577,4,184,2023-12-01 01:46:19
351,23,38,459,2401,2023-07-01 03:23:49
352,136,877,,153,2024-03-13 03:35:27
353,495,180,,1942,2023-10-13 17:13:04
354,435,393,,1807,2024-05-09 11:19:47
355,600,715,,1114,2024-03-27 02:06:31
356,840,187,226,1448,2024-02-06 10:58:05
357,895,319,179,515,2023-10-06 19:08:40
358,203,52,96,3155,2024-02-19 15:39:48
359,887,629,480,4188,2023-10-05 00:53:53
360,220,862,563,1549,2023-11-27 03:08:53
361,865,320,,2673,2023-07-12 03:53:02
362,171,526,274,3419,2023-09-27 14:56:25
363,798,941,,2436,2024-04-30 13:00:49
364,479,808,728,3097,2024-01-10 15:53:17
365,617,618,614,3634,2023-11-05 10:30:21
366,841,658,707,4218,2023-09-23 14:40:19
367,892,894,,1487,2023-07-23 03:57:20
368,486,662,,3114,2023-09-17 07:06:20
369,653,17,426,3487,2023-06-19 00:18:18
370,321,409,635,1275,2023-09-04 10:11:36
371,647,736,183,3247,2023-08-09 09:58:49
372,548,180,625,1360,2023-09-30 16:16:00
373,868,930,957,1683,2023-08-11 01:56:29
374,789,987,,3818,2023-05-30 12:25:49
375,487,905,912,4662,2024-01-11 10:42:32
376,437,258,973,1316,2023-11-28 13:51:24
377,324,372,,3938,2024-05-13 08:44:43
378,284,239,288,2826,2023-12-20 07:27:18
379,196,325,,1881,2023-11-28 10:29:26
380,636,5,393,2890,2023-12-05 17:25:31
381,242,25,297,4765,2024-04-16 04:32:07
382,460,443,,4157,2023-11-09 11:27:17
383,404,120,,2739,2023-07-02 10:06:23
384,473,740,824,4171,2023-07-28 11:20:22
385,843,185,,910,2024-04-30 23:46:02
386,565,416,,4202,2023-12-11 02:54:51
387,847,939,776,677,2023-06-06 08:39:44
388,289,823,798,1666,2024-01-18 00:18:29
389,942,655,746,3059,2024-02-06 23:38:35
390,670,461,459,2654,2024-02-23 08:42:59
391,200,593,961,4858,2023-06-02 21:58:13
392,855,692,644,2380,2024-05-18 16:54:18
393,728,586,,450,2024-05-05 15:39:41
394,950,435,407,2680,2023-10-22 20:18:33
395,572,588,,1628,2024-05-15 19:02:56
396,585,355,,1338,2023-08-31 09:43:56
397,849,544,612,1475,2024-05-10 18:27:14
398,697,309,274,2191,2024-04-28 11:28:12
399,879,944,,141,2023-07-24 12:21:21
400,342,339,,1823,2024-01-09 01:54:06
401,282,927,899,3377,2023-09-26 03:46:05
402,300,155,104,2957,2023-10-23 17:04:34
403,482,862,526,465,2023-09-25 08:52:55
404,727,379,127,390,2023-07-22 09:37:05
405,403,997,172,1410,2024-05-15 18:32:24
406,750,164,913,4369,2024-04-10 20:22:06
407,509,964,965,3942,2023-06-04 06:36:29
408,500,105,188,4101,2023-05-30 05:17:25
409,49,64,,1929,2023-09-28 14:44:16
410,939,704,488,4410,2023-09-24 12:03:03
411,659,384,676,3276,2023-11-15 09:48:34
412,353,933,96,4878,2024-02-12 17:54:13
413,433,865,276,2540,2024-01-30 16:19:14
414,266,946,16,2286,2023-08-09 03:39:05
415,503,257,,1725,2023-06-05 00:42:08
416,353,658,168,1506,2024-03-25 17:45:52
417,13,701,229,1479,2024-03-04 06:33:33
418,714,556,945,840,2023-06-21 21:14:08
419,997,917,765,711,2024-04-10 19:40:38
420,30,430,316,584,2023-10-07 17:42:34
421,383,450,41,2180,2023-06-09 03:20:21
422,470,86,,339,2023-08-29 02:06:43
423,402,501,384,1661,2024-01-15 00:58:25
424,93,507,,4109,2024-05-10 17:05:41
425,638,160,,2038,2024-04-11 11:19:06
426,410,780,,3942,2023-10-01 18:12:24
427,19,903,77,4596,2024-04-30 21:55:13
428,35,80,,3776,2023-11-06 10:44:38
429,318,576,,2348,2023-12-11 03:11:42
430,907,79,7,3103,2023-08-18 21:02:04
431,901,525,,3633,2023-12-06 03:06:58
432,174,548,610,2288,2024-02-22 07:16:12
433,120,190,,271,2023-12-08 15:25:39
434,948,540,452,1590,2024-02-29 11:32:06
435,838,119,43,1220,2024-04-29 13:52:57
436,826,15,828,3952,2023-07-20 22:16:13
437,462,305,,3629,2023-07-16 12:43:58
438,989,967,,1544,2023-11-23 20:50:55
439,453,155,806,636,2024-01-14 02:59:39
440,613,771,449,829,2023-11-13 14:52:55
441,235,82,,4459,2024-01-29 04:33:55
442,665,240,566,2952,2023-05-28 22:43:49
443,239,325,332,2276,2023-12-07 13:53:01
444,958,266,,4309,2024-03-08 06:25:57
445,841,635,,3363,2024-01-04 10:09:31
446,12,510,1000,962,2024-04-03 01:21:13
447,465,101,104,2321,2024-02-17 04:01:23
448,587,792,,3441,2023-07-01 08:11:28
449,548,560,,325,2023-09-08 18:50:21
450,147,471,247,3767,2024-04-23 23:04:22
451,124,892,520,3163,2023-09-27 03:16:12
452,582,581,,1201,2023-10-25 04:45:54
453,83,595,,4009,2023-07-07 08:09:41
454,606,353,494,1662,2023-06-09 16:52:42
455,854,53,137,4027,2024-03-10 01:12:58
456,428,802,,1577,2024-01-07 15:37:30
457,245,594,992,4672,2023-10-27 00:33:26
458,262,180,,481,2023-10-18 18:01:28
459,663,123,402,487,2024-03-26 11:11:46
460,830,999,,4988,2024-01-04 15:34:16
461,100,167,968,2406,2023-06-04 21:14:59
462,700,953,,2604,2024-05-10 23:20:14
463,835,592,406,3451,2024-01-20 20:22:49
464,607,974,366,4302,2024-01-10 07:11:18
465,661,604,395,208,2023-10-11 10:05:52
466,993,276,,1802,2024-05-02 03:57:20
467,976,224,,4676,2023-08-29 22:03:08
468,24,873,818,2294,2023-06-29 08:17:07
469,557,590,,540,2023-10-10 11:54:01
470,565,26,133,567,2023-11-04 09:43:57
471,415,363,,2886,2023-12-09 22:52:56
472,812,307,552,3165,2024-01-07 04:37:51
473,235,314,984,3176,2023-11-06 10:24:46
474,484,479,385,3783,2023-12-09 06:28:59
475,985,276,,4117,2024-05-12 08:17:56
476,843,391,830,770,2023-05-25 13:40:43
477,920,712,,4067,2024-03-04 23:05:14
478,845,210,306,2447,2024-04-25 15:54:09
479,673,411,730,2475,2023-06-30 20:03:34
480,716,947,,4266,2024-05-10 10:53:56
481,198,401,491,1288,2024-03-12 09:05:52
482,271,817,255,1900,2023-07-25 05:07:53
483,113,255,,2927,2024-02-12 06:55:19
484,872,369,,1981,2024-04-15 10:15:01
485,313,555,217,3767,2024-04-11 03:11:23
486,120,395,740,3352,2023-06-27 22:12:23
487,813,617,746,4914,2023-11-14 06:16:48
488,25,605,22,673,2024-03-09 20:03:39
489,785,146,845,369,2023-06-06 10:51:51
490,62,679,654,4048,2023-07-23 09:25:51
491,988,15,,1102,2023-10-18 14:44:27
492,299,197,,3210,2023-11-04 11:47:52
493,268,189,,481,2024-01-19 06:42:10
494,298,831,900,4598,2024-05-05 17:52:07
495,602,590,,521,2024-02-09 21:45:45
496,307,477,,1347,2023-06-23 18:27:23
497,941,96,800,2893,2023-10-17 23:26:25
498,121,601,61,1188,2023-07-06 09:32:41
499,13,975,962,1915,2024-03-20 01:47:31
500,838,445,,814,2023-12-10 07:44:49
501,580,191,553,2971,2023-12-07 22:45:04
502,122,908,316,1071,2023-07-02 10:18:15
503,685,618,,2096,2023-10-25 04:01:08
504,135,404,,2919,2023-05-26 11:01:14
505,649,302,,2425,2023-08-27 08:40:24
506,698,328,,1513,2023-06-25 22:26:25
507,600,845,348,1718,2024-02-18 04:16:39
508,461,782,21,4753,2023-12-24 09:57:23
509,178,289,971,3409,2023-09-25 05:51:38
510,822,899,,2368,2023-11-19 09:25:03
511,947,410,976,354,2023-10-14 06:51:47
512,277,397,623,142,2023-11-26 01:53:54
513,999,57,657,1860,2023-12-03 09:13:58
514,667,1000,140,2294,2024-01-29 22:10:59
515,669,822,,3536,2024-03-15 14:10:06
516,186,904,3,1326,2023-09-27 02:21:17
517,827,368,,563,2023-11-15 00:29:26
518,966,970,829,2900,2023-12-30 17:49:32
519,709,763,101,689,2023-08-30 05:04:19
520,22,895,432,1757,2023-12-23 20:38:35
521,899,195,,648,2024-05-20 07:10:11
522,651,161,265,2236,2023-10-20 17:09:49
523,87,501,,2784,2023-12-02 18:32:06
524,262,836,,1457,2024-03-29 12:56:54
525,881,825,,136,2023-10-05 00:32:45
526,889,472,139,1168,2024-04-20 11:47:24
527,255,959,175,3570,2023-12-20 09:19:30
528,399,939,,3592,2023-08-01 05:27:50
529,282,498,,2417,2023-11-23 19:07:30
530,644,768,213,1308,2023-09-14 03:57:19
531,254,467,,4830,2023-09-11 23:42:46
532,810,649,297,3018,2024-01-06 23:10:13
533,633,224,,4032,2023-07-26 01:42:29
534,902,423,964,2363,2024-02-26 05:26:07
535,437,730,676,3218,2024-03-04 03:27:04
536,709,433,,4889,2023-11-18 02:47:30
537,497,623,,3681,2023-09-07 08:02:24
538,669,126,,4496,2023-07-23 22:56:10
539,510,77,,4456,2023-10-18 19:10:00
540,12,602,722,3586,2024-02-21 10:55:20
541,955,777,874,4114,2023-09-30 04:24:36
542,864,213,694,1138,2023-05-22 06:57:18
543,207,714,918,2529,2024-02-12 14:19:16
544,122,250,696,3459,2024-01-10 15:57:30
545,687,111,,1656,2023-05-27 12:28:47
546,545,473,418,1945,2024-01-26 18:43:20
547,489,36,,1736,2023-12-18 16:35:26
548,299,143,,506,2023-08-31 15:42:47
549,595,429,659,1849,2023-07-28 06:00:34
550,854,986,533,732,2023-10-18 09:36:13
551,893,300,,1222,2023-10-25 13:02:28
552,38,59,473,1055,2024-05-09 22:49:17
553,51,539,892,3641,2024-04-29 16:58:48
554,433,584,122,792,2024-05-19 09:55:22
555,803,388,,2333,2023-11-19 10:10:03
556,137,545,,2365,2023-10-27 19:54:07
557,633,676,687,456,2023-10-01 00:10:57
558,168,622,2,1199,2023-11-15 20:46:09
559,597,258,967,3727,2023-12-17 23:15:53
560,422,388,463,780,2024-01-08 21:00:17
561,93,24,,857,2023-09-27 00:56:21
562,210,111,,2876,2023-10-27 13:03:58
563,256,899,902,2700,2023-12-06 20:28:52
564,163,601,,4391,2023-07-30 20:47:17
565,975,278,,852,2024-05-14 04:19:00
566,919,470,,866,2024-04-30 02:19:28
567,69,220,69,2105,2023-06-09 23:58:35
568,86,487,,3757,2023-09-29 12:49:34
569,994,335,775,895,2024-02-11 08:51:00
570,914,116,,3756,2023-11-30 16:26:04
571,62,831,245,4217,2023-08-03 04:28:57
572,149,234,,3938,2024-01-23 06:18:56
573,150,896,359,4630,2023-06-01 03:00:59
574,299,331,,4601,2023-10-10 09:13:20
575,202,371,,3156,2024-05-06 09:42:15
576,686,641,,1571,2024-05-02 14:07:19
577,892,24,556,3476,2023-11-22 00:00:20
578,287,957,23,3676,2023-07-11 00:16:48
579,825,141,251,966,2023-10-22 02:02:28
580,620,256,58,2128,2023-10-25 18:15:19
581,324,80,90,2162,2023-08-05 09:45:56
582,516,924,55,1572,2023-08-30 15:47:42
583,392,678,422,3683,2023-12-11 07:52:50
584,889,959,535,1878,2023-10-26 11:24:53
585,193,47,,1315,2024-05-19 07:24:36
586,4,650,,4529,2023-06-17 17:09:36
587,683,341,191,4951,2024-02-28 00:50:00
588,895,756,,3592,2024-04-18 14:28:38
589,856,730,588,2801,2024-02-23 11:48:09
590,894,667,483,3013,2023-07-01 05:14:41
591,415,779,,1038,2023-10-01 01:50:38
592,392,812,,2919,2023-12-10 04:18:58
593,116,573,,1262,2024-02-07 13:15:08
594,768,736,,2346,2023-12-14 00:27:47
595,173,94,,1972,2023-07-23 17:28:50
596,556,860,966,1462,2023-11-28 14:33:51
597,658,917,796,3824,2023-12-04 20:39:44
598,448,785,513,3491,2023-11-05 11:03:19
599,121,519,866,465,2023-10-21 05:13:22
600,100,974,593,531,2023-12-01 11:22:12
601,299,670,,3783,2023-06-28 03:20:38
602,648,450,303,1343,2023-09-26 21:49:19
603,822,722,634,2098,2023-08-30 09:49:12
604,358,87,498,2324,2023-12-14 10:24:41
605,926,384,,200,2023-07-31 07:58:36
606,568,70,100,883,2023-11-08 01:22:48
607,461,789,835,4587,2023-10-05 07:07:56
608,568,504,107,3678,2024-02-23 20:21:28
609,411,906,622,583,2024-05-13 01:10:01
610,582,883,,2464,2023-05-23 10:33:54
611,210,214,369,1859,2023-05-27 03:16:48
612,201,903,,386,2024-01-04 14:39:50
613,551,568,179,3921,2023-08-17 02:39:56
614,793,76,,357,2023-11-06 10:22:52
615,159,601,,3597,2023-06-29 21:20:42
616,932,260,198,1236,2023-09-25 03:55:30
617,778,629,,4755,2023-09-03 00:01:04
618,865,439,370,4188,2023-08-18 22:09:19
619,10,862,,753,2024-01-29 10:45:52
620,719,324,117,1160,2024-01-26 22:25:44
621,244,574,,3120,2024-04-01 09:45:30
622,89,612,56,3196,2024-02-21 17:07:42
623,745,960,,3051,2023-10-23 18:29:43
624,698,848,171,917,2023-07-26 10:02:28
625,390,897,579,3434,2023-10-30 07:00:42
626,829,228,280,3639,2023-06-15 07:35:53
627,16,812,369,3422,2024-01-01 07:39:45
628,578,371,273,4726,2024-03-17 21:56:58
629,461,763,,436,2023-11-01 06:38:27
630,945,383,,109,2023-08-05 08:26:06
631,992,832,798,4594,2023-06-16 08:34:06
632,779,886,,3875,2024-03-29 06:41:38
633,480,878,365,1324,2023-08-21 01:07:00
634,868,550,627,963,2024-01-28 15:46:01
635,699,120,,3183,2023-06-15 14:29:59
636,749,173,336,1454,2023-08-10 05:19:42
637,302,91,,1179,2024-04-07 11:17:44
638,836,330,,3205,2023-06-11 19:51:17
639,350,230,,3559,2023-07-25 04:27:57
640,923,393,809,3900,2023-11-02 09:21:55
641,690,50,200,2995,2023-10-08 20:34:14
642,373,828,407,3365,2023-09-20 20:15:20
643,412,708,655,3413,2024-02-16 07:22:32
644,5,878,228,852,2024-05-06 19:21:22
645,689,581,,3688,2023-09-10 01:17:28
646,729,407,200,962,2024-05-01 21:16:49
647,276,515,,1821,2023-08-19 20:32:09
648,588,988,379,758,2024-04-06 10:19:07
649,273,666,927,4697,2024-05-15 22:00:23
650,769,868,567,2570,2024-05-09 12:37:13
651,744,907,870,3210,2023-12-06 19:18:08
652,545,908,,2364,2023-12-10 09:10:18
653,396,383,993,1638,2023-10-21 03:09:17
654,946,963,388,4695,2024-02-10 06:44:07
655,42,255,824,2330,2023-06-12 21:32:24
656,33,891,849,2115,2023-07-21 02:33:15
657,133,583,451,381,2024-05-04 20:19:32
658,593,353,,3051,2023-10-04 04:15:24
659,636,186,33,4629,2023-10-17 14:48:41
660,681,589,,326,2023-12-06 20:54:40
661,349,420,,410,2023-07-02 04:26:38
662,307,341,,1130,2023-08-12 20:59:48
663,252,666,365,4777,2023-09-02 13:42:10
664,825,686,,2424,2023-11-16 06:12:19
665,578,542,686,1840,2024-04-02 02:52:24
666,612,550,544,2116,2024-02-26 02:28:07
667,240,349,200,4999,2023-06-17 23:11:14
668,251,618,722,948,2024-01-18 23:04:04
669,58,11,,1660,2023-07-06 04:53:47
670,738,703,442,2461,2023-11-21 07:57:14
671,398,737,485,3402,2023-06-07 13:18:06
672,120,64,505,407,2024-04-09 12:12:37
673,301,296,80,2139,2023-05-31 05:07:51
674,307,515,701,3847,2023-11-09 05:46:42
675,716,452,,2227,2024-02-08 17:55:09
676,780,130,519,4794,2023-10-01 08:51:52
677,83,114,236,3142,2024-01-27 03:51:54
678,559,40,,1732,2023-06-11 05:42:41
679,233,395,165,2116,2024-04-16 17:02:24
680,358,531,,4058,2023-07-29 21:48:07
681,477,808,637,442,2024-05-12 18:49:54
682,671,59,89,1165,2023-05-27 13:22:29
683,830,316,,329,2024-03-12 22:37:33
684,132,907,668,3969,2023-09-28 17:50:24
685,528,388,576,2788,2023-11-30 06:48:21
686,658,24,206,3409,2024-04-04 21:50:26
687,886,711,,4377,2024-05-02 17:53:40
688,284,725,689,2357,2023-11-03 11:30:46
689,687,710,231,1309,2024-02-02 11:55:13
690,565,848,18,4083,2023-06-23 18:55:14
691,646,297,481,1734,2023-10-11 04:02:17
692,213,19,,1842,2024-02-17 13:23:39
693,679,844,,148,2023-12-13 17:02:17
694,802,561,,1427,2023-10-14 21:17:54
695,833,921,,4134,2024-04-14 17:56:27
696,190,53,12,2954,2024-02-12 00:39:59
697,522,733,,3474,2023-06-14 21:06:28
698,21,797,,4334,2024-03-02 06:17:18
699,904,411,388,2828,2023-09-04 08:44:42
700,430,681,366,2212,2023-10-03 15:48:37
701,109,892,,1814,2024-03-22 18:50:55
702,632,705,,3650,2024-02-07 19:03:39
703,892,223,402,4209,2023-06-09 00:20:16
704,934,569,625,4225,2024-02-07 20:33:16
705,865,36,,3981,2023-12-25 03:30:11
706,21,336,328,4395,2024-01-03 08:31:50
707,404,592,216,2722,2023-09-18 04:00:43
708,63,726,941,2417,2023-06-03 22:09:50
709,684,49,,1962,2023-10-29 05:09:40
710,829,28,,1182,2023-12-01 13:07:19
711,347,585,262,1222,2024-04-29 15:50:52
712,586,296,222,2188,2023-10-20 15:23:00
713,103,408,372,2662,2023-06-05 08:10:18
714,305,49,,801,2023-11-11 19:31:47
715,619,952,,228,2024-05-16 10:28:19
716,449,807,704,657,2023-08-11 04:24:17
717,472,728,490,1607,2024-04-20 06:37:37
718,807,489,220,1407,2024-02-17 01:52:30
719,94,270,,1433,2023-06-23 13:32:57
720,89,371,565,1277,2024-02-25 06:17:21
721,919,379,,3999,2023-07-18 10:13:52
722,901,461,,4650,2024-01-07 15:04:30
723,337,858,730,3165,2024-01-15 19:42:14
724,805,483,761,2310,2023-08-26 19:50:52
725,63,592,383,3241,2023-10-20 12:15:56
726,472,351,31,418,2024-05-08 12:41:05
727,612,600,,4295,2023-09-09 21:27:19
728,892,895,167,2737,2024-05-05 00:00:40
729,117,5,,4142,2024-01-21 19:59:12
730,258,342,649,4821,2023-11-25 16:04:51
731,703,643,774,4060,2023-10-08 22:33:27
732,603,641,741,4943,2023-08-10 22:58:42
733,681,191,404,1441,2024-04-03 05:19:42
734,247,776,987,4304,2023-06-19 20:46:53
735,25,688,561,2414,2023-12-09 10:57:40
736,631,761,427,3990,2024-01-18 23:13:56
737,971,770,,1013,2023-09-14 13:40:33
738,26,639,,4954,2024-01-17 14:32:42
739,908,457,459,4732,2024-05-10 23:06:10
740,792,826,64,4767,2024-01-08 23:15:24
741,717,205,229,4340,2024-02-04 19:27:37
742,735,445,292,4807,2023-10-23 22:32:33
743,193,919,,2164,2023-06-13 11:55:02
744,673,937,,2947,2024-02-02 20:51:31
745,357,822,,3823,2024-05-20 01:15:07
746,671,981,,3794,2024-02-07 20:14:16
747,927,33,707,1321,2023-12-23 08:13:28
748,580,704,885,1445,2024-01-19 16:15:17
749,21,624,,2117,2024-02-01 01:20:14
750,405,539,706,627,2024-03-29 20:05:07
751,972,556,169,4145,2023-06-04 05:07:23
752,64,681,,539,2023-09-14 12:05:10
753,424,530,451,3591,2023-11-04 20:38:46
754,20,298,,4886,2024-01-09 21:10:23
755,823,723,388,3365,2024-01-11 09:02:13
756,420,356,457,2282,2024-01-26 00:38:16
757,779,351,260,3449,2024-01-30 02:29:24
758,776,349,297,3199,2024-02-25 19:06:58
759,955,719,137,386,2023-11-27 20:32:38
760,116,493,32,2754,2024-04-22 04:43:41
761,358,871,,1140,2024-05-08 02:48:42
762,789,617,,2947,2024-05-07 17:37:15
763,918,971,679,1390,2024-05-20 04:07:39
764,20,975,522,592,2023-07-20 17:29:18
765,93,194,,819,2023-12-14 09:19:50
766,445,825,,4072,2023-06-29 12:51:52
767,641,586,700,683,2023-06-20 01:29:24
768,717,151,202,1179,2024-01-28 04:42:21
769,114,876,948,883,2023-12-26 20:24:20
770,825,908,164,197,2024-03-20 15:07:52
771,789,231,977,3910,2024-05-12 02:25:22
772,227,108,35,2120,2024-04-14 23:45:55
773,344,753,910,1956,2023-07-09 05:59:03
774,686,900,,2213,2023-09-29 17:38:41
775,477,720,6,1329,2023-08-03 14:52:03
776,652,201,,2186,2023-12-17 16:18:36
777,580,140,,834,2023-06-10 15:48:59
778,575,420,800,4291,2023-09-11 19:01:45
779,769,922,,3505,2024-01-22 14:48:27
780,878,570,834,4714,2023-07-13 14:47:26
781,549,594,655,500,2023-08-19 17:33:15
782,338,686,216,4688,2024-01-31 11:41:36
783,871,122,,3790,2023-07-12 05:35:31
784,211,991,819,343,2023-10-25 10:03:24
785,116,992,47,1770,2024-04-20 15:03:31
786,992,464,925,2854,2023-12-03 11:07:14
787,375,430,748,3832,2023-11-08 09:16:40
788,980,759,997,3134,2024-02-16 10:04:06
789,199,515,,3387,2024-03-05 11:46:06
790,534,202,785,1766,2024-03-24 13:28:16
791,333,937,289,3929,2023-07-30 10:22:14
792,755,235,180,3384,2023-12-17 19:48:10
793,597,399,,587,2024-02-14 19:01:15
794,635,810,552,2638,2024-05-14 21:39:35
795,978,924,,384,2024-02-16 13:15:05
796,877,455,409,234,2023-10-20 17:59:19
797,491,703,,2659,2023-11-27 21:56:20
798,569,596,247,2046,2024-01-09 15:17:17
799,517,682,249,3849,2023-10-22 04:05:28
800,148,773,200,690,2024-02-22 09:58:22
801,294,175,545,2666,2024-03-06 05:17:16
802,235,512,930,4824,2024-05-03 21:33:35
803,331,910,305,3539,2023-06-14 10:42:08
804,132,908,110,2270,2024-01-24 08:29:25
805,536,76,863,2527,2023-12-06 03:38:01
806,260,729,126,4643,2023-08-09 10:44:46
807,943,907,104,1720,2023-11-25 05:31:59
808,72,846,,2075,2024-02-03 07:33:45
809,861,685,739,4190,2023-08-17 11:47:02
810,488,992,,1758,2023-07-23 07:05:29
811,618,19,,3943,2023-06-26 02:08:23
812,376,654,428,4874,2024-01-02 14:01:01
813,623,94,593,2151,2023-12-18 21:36:49
814,298,550,,2021,2024-02-04 20:59:00
815,23,78,806,950,2024-02-29 13:13:50
816,199,171,397,1678,2023-07-05 05:15:04
817,65,46,392,3148,2024-01-26 02:03:35
818,664,782,124,4137,2023-10-09 12:10:26
819,159,720,715,1655,2023-10-10 08:40:38
820,495,429,948,4972,2024-03-21 23:56:20
821,726,672,892,4013,2024-03-18 09:40:39
822,657,301,96,3568,2023-06-05 21:45:23
823,864,18,,2699,2023-08-01 23:52:15
824,393,859,236,2489,2024-02-12 07:46:42
825,290,679,159,3320,2024-03-19 12:39:41
826,727,601,363,1818,2023-07-08 20:09:05
827,812,728,39,1531,2023-06-24 15:34:13
828,894,676,636,536,2023-07-18 19:01:20
829,156,10,,3904,2024-04-26 07:19:23
830,447,79,429,1018,2023-06-29 08:33:05
831,381,224,,624,2023-07-31 09:05:51
832,801,63,715,2616,2023-11-12 06:18:08
833,677,320,611,3315,2023-12-26 01:34:26
834,494,620,884,3995,2024-03-29 08:54:55
835,117,645,,3679,2023-10-04 04:23:33
836,109,608,565,4798,2024-01-25 14:52:52
837,416,513,635,1416,2023-08-20 00:06:12
838,955,945,919,2498,2024-01-18 04:03:25
839,90,880,929,1229,2023-10-13 09:01:43
840,841,313,394,4186,2024-04-21 10:16:17
841,322,35,788,3549,2024-02-17 19:21:39
842,711,340,699,3782,2024-02-08 12:49:08
843,494,720,,3002,2024-03-22 03:10:47
844,838,113,752,274,2024-01-06 14:32:33
845,736,295,720,613,2024-02-20 04:57:52
846,898,12,825,1274,2023-07-18 03:58:59
847,453,198,600,2971,2023-12-02 22:14:56
848,626,308,,4633,2023-09-13 11:30:08
849,312,375,,1643,2023-12-25 15:08:33
850,420,230,865,317,2023-06-22 13:39:18
851,347,662,,4613,2024-01-07 05:06:54
852,438,689,979,371,2024-04-26 00:02:18
853,561,614,862,4185,2023-12-15 21:21:21
854,867,622,331,2234,2023-08-30 02:22:44
855,711,764,,4470,2023-07-18 02:37:38
856,234,42,,128,2023-09-15 18:05:20
857,58,586,803,1501,2023-05-21 04:38:31
858,529,75,429,184,2023-08-20 16:56:12
859,458,232,,3365,2023-12-13 08:13:24
860,673,271,634,1062,2024-02-23 13:53:25
861,755,285,,3993,2023-11-27 15:36:33
862,434,127,173,931,2024-03-27 15:26:55
863,243,122,577,3325,2024-01-16 13:35:56
864,384,289,531,1528,2023-06-21 01:54:46
865,838,584,865,171,2023-07-18 21:09:18
866,115,905,908,3627,2024-04-06 04:40:40
867,683,980,,3973,2023-10-14 16:23:04
868,463,429,,1631,2023-09-13 01:47:13
869,529,605,477,4632,2023-08-08 02:24:16
870,519,441,263,3877,2023-08-20 01:44:53
871,902,433,,860,2023-11-24 15:19:36
872,258,760,433,1586,2023-12-08 14:36:07
873,666,155,744,448,2023-12-15 07:21:15
874,373,659,,3658,2024-05-15 11:35:27
875,481,984,546,1105,2023-12-09 02:49:50
876,114,506,,2589,2023-06-24 17:47:19
877,781,990,,2614,2024-05-18 19:25:53
878,873,86,,418,2024-03-03 06:20:54
879,215,896,,1513,2024-02-21 16:30:14
880,824,771,152,2498,2023-12-24 08:33:18
881,939,474,223,3242,2024-04-26 15:10:05
882,437,90,503,3408,2023-09-18 08:15:01
883,840,953,351,2444,2023-06-13 23:26:41
884,361,820,,2870,2024-03-25 21:29:53
885,655,956,864,2717,2024-04-19 06:15:24
886,734,494,1,4148,2023-12-01 23:49:18
887,285,266,19,461,2024-03-02 09:11:24
888,882,805,302,2118,2024-03-04 01:00:52
889,161,367,,4768,2023-06-30 00:36:21
890,477,206,35,4606,2024-05-19 18:55:54
891,207,855,107,2490,2024-01-24 13:26:53
892,120,24,,4458,2023-10-27 17:49:13
893,678,439,694,1799,2023-09-23 04:10:56
894,700,123,756,2593,2023-09-13 09:08:16
895,19,283,932,4312,2023-11-21 03:24:31
896,547,792,399,1049,2023-07-16 13:12:02
897,557,96,,3996,2024-03-05 07:49:42
898,467,83,872,647,2023-06-16 14:17:42
899,273,175,550,4386,2024-02-14 11:47:58
900,241,955,7,2072,2024-04-10 18:21:27
901,35,498,519,2118,2024-04-22 19:21:55
902,568,586,690,4796,2024-03-31 11:20:53
903,618,908,,2322,2023-08-23 19:10:14
904,818,875,625,3166,2023-10-01 18:02:26
905,531,243,170,753,2024-01-21 21:44:02
906,490,301,483,3751,2024-02-19 14:13:37
907,804,430,,1615,2024-03-07 22:16:49
908,243,827,680,2415,2023-06-23 01:08:26
909,919,818,129,4384,2023-07-11 11:22:17
910,76,541,749,661,2023-11-17 19:23:39
911,950,571,,428,2023-09-26 12:01:36
912,366,231,474,516,2023-06-20 16:52:16
913,378,172,452,2361,2023-06-28 23:24:30
914,340,671,,3613,2023-09-23 20:33:16
915,561,235,194,2211,2023-11-11 09:08:42
916,960,272,546,4428,2023-06-23 00:38:36
917,661,910,516,4835,2023-07-08 20:17:18
918,797,249,632,3029,2023-05-28 05:04:49
919,520,292,634,845,2024-05-03 08:23:43
920,832,194,,1536,2023-06-07 20:54:15
921,55,593,598,4607,2024-04-11 19:12:46
922,649,226,,1052,2023-07-08 19:50:26
923,339,907,236,2381,2024-03-03 17:50:11
924,343,600,235,1661,2024-05-09 02:35:43
925,788,749,171,405,2023-10-17 15:34:25
926,995,915,122,2967,2024-01-04 13:30:10
927,524,117,568,4557,2023-10-05 07:56:13
928,535,866,,344,2023-09-16 19:33:35
929,473,418,,4821,2023-11-25 00:05:43
930,781,374,613,3426,2023-09-13 15:07:08
931,943,976,167,2677,2023-07-01 20:39:34
932,727,682,638,4635,2023-10-02 17:03:30
933,425,792,366,4302,2023-11-16 18:38:00
934,501,691,664,4553,2024-03-14 20:36:01
935,69,862,,2187,2024-01-18 21:16:28
936,549,81,447,2393,2023-07-18 18:53:56
937,631,651,347,4452,2024-04-03 14:54:17
938,352,5,22,2769,2023-06-08 10:39:32
939,799,759,821,2168,2024-02-01 16:39:26
940,850,453,618,2964,2023-06-10 12:54:40
941,708,704,40,3032,2023-12-04 18:00:13
942,499,924,843,3769,2024-03-24 08:45:01
943,327,923,,1620,2023-06-05 18:32:28
944,203,37,,3780,2024-01-18 05:47:26
945,267,755,,4666,2023-09-18 21:26:05
946,446,856,270,4364,2023-09-02 17:49:51
947,298,733,751,1256,2023-12-12 19:12:36
948,121,180,993,2022,2023-12-23 19:38:28
949,836,966,781,4213,2024-02-17 13:02:48
950,513,513,932,4000,2024-03-26 00:44:00
951,466,393,520,3589,2023-12-13 03:26:32
952,173,286,,3326,2023-09-26 02:09:50
953,707,988,,3925,2023-11-14 20:48:25
954,130,362,917,2956,2024-04-04 18:21:43
955,514,980,,3195,2023-06-28 18:15:57
956,402,505,424,4369,2024-05-12 01:19:21
957,85,929,728,4526,2023-10-28 18:26:12
958,790,581,,3378,2024-04-12 16:06:41
959,812,17,346,4318,2024-03-18 19:07:19
960,435,540,,4045,2023-06-30 15:58:49
961,720,656,552,2187,2024-04-18 00:07:27
962,170,725,103,1394,2023-07-27 23:57:53
963,869,590,196,3936,2024-02-27 19:36:24
964,179,743,,2385,2023-10-18 08:47:16
965,143,186,565,1084,2023-05-22 14:20:40
966,469,599,198,4399,2024-04-14 23:24:00
967,496,944,739,1220,2023-12-31 23:15:32
968,397,504,,1023,2024-03-04 09:26:54
969,654,275,,2672,2023-06-26 21:23:07
970,817,15,672,864,2024-04-11 13:44:39
971,74,73,,2914,2024-01-07 09:58:36
972,922,111,,1098,2023-10-10 00:43:10
973,904,722,780,2689,2024-03-10 03:39:20
974,980,481,173,3900,2024-02-26 13:05:50
975,140,77,,1054,2023-08-13 20:32:27
976,646,601,701,584,2023-12-27 00:04:57
977,778,261,329,1368,2023-08-14 23:47:37
978,75,940,913,988,2023-08-27 22:56:57
979,522,482,,1978,2023-10-24 21:24:45
980,809,818,924,3119,2024-01-07 20:05:21
981,555,952,944,4286,2024-02-27 16:19:53
982,685,615,185,3551,2023-12-04 23:30:16
983,419,269,512,4334,2024-02-21 18:11:03
984,525,27,,1003,2023-07-28 08:40:16
985,341,528,715,2074,2023-08-07 19:16:01
986,172,610,710,1002,2023-06-16 20:22:56
987,398,260,,873,2024-04-28 15:07:06
988,707,594,530,3853,2023-07-25 16:11:16
989,709,755,319,697,2023-07-12 17:09:10
990,782,297,968,4379,2023-10-14 16:32:33
991,123,574,914,1829,2023-09-29 18:50:26
992,283,639,493,1097,2023-12-24 16:28:03
993,20,78,,3285,2023-11-16 16:17:03
994,166,398,,1162,2024-03-18 18:50:13
995,686,762,737,1473,2023-10-15 14:57:26
996,144,517,627,2328,2023-11-23 12:37:40
997,487,423,,2834,2023-10-31 01:09:31
998,757,270,,1169,2023-06-06 05:44:27
999,536,503,168,2956,2023-10-30 09:25:55
1000,365,468,367,4559,2024-02-26 17:32:45
